[2026-04-27 09:16:53] local.ERROR: There are no commands defined in the "boost" namespace. {"exception":"[object] (Symfony\\Component\\Console\\Exception\\NamespaceNotFoundException(code: 0): There are no commands defined in the \"boost\" namespace. at C:/Users/andre/Documents/S4/Qualité/TP/Jeu_Quiz/projet/vendor/symfony/console/Application.php:684)
[stacktrace]
#0 C:/Users/andre/Documents/S4/Qualité/TP/Jeu_Quiz/projet/vendor/symfony/console/Application.php(733): Symfony/Component/Console/Application->findNamespace('boost')
#1 C:/Users/andre/Documents/S4/Qualité/TP/Jeu_Quiz/projet/vendor/symfony/console/Application.php(298): Symfony/Component/Console/Application->find('boost:update')
#2 C:/Users/andre/Documents/S4/Qualité/TP/Jeu_Quiz/projet/vendor/symfony/console/Application.php(195): Symfony/Component/Console/Application->doRun(Object(Symfony/Component/Console/Input/ArgvInput), Object(Symfony/Component/Console/Output/ConsoleOutput))
#3 C:/Users/andre/Documents/S4/Qualité/TP/Jeu_Quiz/projet/vendor/laravel/framework/src/Illuminate/Foundation/Console/Kernel.php(198): Symfony/Component/Console/Application->run(Object(Symfony/Component/Console/Input/ArgvInput), Object(Symfony/Component/Console/Output/ConsoleOutput))
#4 C:/Users/andre/Documents/S4/Qualité/TP/Jeu_Quiz/projet/vendor/laravel/framework/src/Illuminate/Foundation/Application.php(1235): Illuminate/Foundation/Console/Kernel->handle(Object(Symfony/Component/Console/Input/ArgvInput), Object(Symfony/Component/Console/Output/ConsoleOutput))
#5 C:/Users/andre/Documents/S4/Qualité/TP/Jeu_Quiz/projet/artisan(16): Illuminate/Foundation/Application->handleCommand(Object(Symfony/Component/Console/Input/ArgvInput))
#6 {main}
"} 
[2026-04-27 09:25:14] local.ERROR: There are no commands defined in the "boost" namespace. {"exception":"[object] (Symfony\\Component\\Console\\Exception\\NamespaceNotFoundException(code: 0): There are no commands defined in the \"boost\" namespace. at C:/Users/andre/Documents/S4/Qualité/TP/Jeu_Quiz/projet/vendor/symfony/console/Application.php:684)
[stacktrace]
#0 C:/Users/andre/Documents/S4/Qualité/TP/Jeu_Quiz/projet/vendor/symfony/console/Application.php(733): Symfony/Component/Console/Application->findNamespace('boost')
#1 C:/Users/andre/Documents/S4/Qualité/TP/Jeu_Quiz/projet/vendor/symfony/console/Application.php(298): Symfony/Component/Console/Application->find('boost:update')
#2 C:/Users/andre/Documents/S4/Qualité/TP/Jeu_Quiz/projet/vendor/symfony/console/Application.php(195): Symfony/Component/Console/Application->doRun(Object(Symfony/Component/Console/Input/ArgvInput), Object(Symfony/Component/Console/Output/ConsoleOutput))
#3 C:/Users/andre/Documents/S4/Qualité/TP/Jeu_Quiz/projet/vendor/laravel/framework/src/Illuminate/Foundation/Console/Kernel.php(198): Symfony/Component/Console/Application->run(Object(Symfony/Component/Console/Input/ArgvInput), Object(Symfony/Component/Console/Output/ConsoleOutput))
#4 C:/Users/andre/Documents/S4/Qualité/TP/Jeu_Quiz/projet/vendor/laravel/framework/src/Illuminate/Foundation/Application.php(1235): Illuminate/Foundation/Console/Kernel->handle(Object(Symfony/Component/Console/Input/ArgvInput), Object(Symfony/Component/Console/Output/ConsoleOutput))
#5 C:/Users/andre/Documents/S4/Qualité/TP/Jeu_Quiz/projet/artisan(16): Illuminate/Foundation/Application->handleCommand(Object(Symfony/Component/Console/Input/ArgvInput))
#6 {main}
"} 
[2026-05-03 08:12:31] local.ERROR: syntax error, unexpected end of file {"exception":"[object] (ParseError(code: 0): syntax error, unexpected end of file at C:/Users/andre/Documents/S4/Qualité/TP/Jeu_Quiz/projet/routes/web.php:6)
[stacktrace]
#0 C:/Users/andre/Documents/S4/Qualité/TP/Jeu_Quiz/projet/vendor/laravel/framework/src/Illuminate/Routing/Router.php(526): Illuminate/Routing/RouteFileRegistrar->register('C://Users//andre//...')
#1 C:/Users/andre/Documents/S4/Qualité/TP/Jeu_Quiz/projet/vendor/laravel/framework/src/Illuminate/Routing/Router.php(480): Illuminate/Routing/Router->loadRoutes('C://Users//andre//...')
#2 C:/Users/andre/Documents/S4/Qualité/TP/Jeu_Quiz/projet/vendor/laravel/framework/src/Illuminate/Routing/RouteRegistrar.php(212): Illuminate/Routing/Router->group(Array, 'C://Users//andre//...')
#3 C:/Users/andre/Documents/S4/Qualité/TP/Jeu_Quiz/projet/vendor/laravel/framework/src/Illuminate/Foundation/Configuration/ApplicationBuilder.php(260): Illuminate/Routing/RouteRegistrar->group('C://Users//andre//...')
#4 C:/Users/andre/Documents/S4/Qualité/TP/Jeu_Quiz/projet/vendor/laravel/framework/src/Illuminate/Container/BoundMethod.php(36): Illuminate/Foundation/Configuration/ApplicationBuilder->{closure:Illuminate/Foundation/Configuration/ApplicationBuilder::buildRoutingCallback():209}()
#5 C:/Users/andre/Documents/S4/Qualité/TP/Jeu_Quiz/projet/vendor/laravel/framework/src/Illuminate/Container/Util.php(43): Illuminate/Container/BoundMethod::{closure:Illuminate/Container/BoundMethod::call():35}()
#6 C:/Users/andre/Documents/S4/Qualité/TP/Jeu_Quiz/projet/vendor/laravel/framework/src/Illuminate/Container/BoundMethod.php(84): Illuminate/Container/Util::unwrapIfClosure(Object(Closure))
#7 C:/Users/andre/Documents/S4/Qualité/TP/Jeu_Quiz/projet/vendor/laravel/framework/src/Illuminate/Container/BoundMethod.php(35): Illuminate/Container/BoundMethod::callBoundMethod(Object(Illuminate/Foundation/Application), Object(Closure), Object(Closure))
#8 C:/Users/andre/Documents/S4/Qualité/TP/Jeu_Quiz/projet/vendor/laravel/framework/src/Illuminate/Container/Container.php(799): Illuminate/Container/BoundMethod::call(Object(Illuminate/Foundation/Application), Object(Closure), Array, NULL)
#9 C:/Users/andre/Documents/S4/Qualité/TP/Jeu_Quiz/projet/vendor/laravel/framework/src/Illuminate/Foundation/Support/Providers/RouteServiceProvider.php(162): Illuminate/Container/Container->call(Object(Closure))
#10 C:/Users/andre/Documents/S4/Qualité/TP/Jeu_Quiz/projet/vendor/laravel/framework/src/Illuminate/Foundation/Support/Providers/RouteServiceProvider.php(59): Illuminate/Foundation/Support/Providers/RouteServiceProvider->loadRoutes()
#11 C:/Users/andre/Documents/S4/Qualité/TP/Jeu_Quiz/projet/vendor/laravel/framework/src/Illuminate/Container/BoundMethod.php(36): Illuminate/Foundation/Support/Providers/RouteServiceProvider->{closure:Illuminate/Foundation/Support/Providers/RouteServiceProvider::register():53}()
#12 C:/Users/andre/Documents/S4/Qualité/TP/Jeu_Quiz/projet/vendor/laravel/framework/src/Illuminate/Container/Util.php(43): Illuminate/Container/BoundMethod::{closure:Illuminate/Container/BoundMethod::call():35}()
#13 C:/Users/andre/Documents/S4/Qualité/TP/Jeu_Quiz/projet/vendor/laravel/framework/src/Illuminate/Container/BoundMethod.php(84): Illuminate/Container/Util::unwrapIfClosure(Object(Closure))
#14 C:/Users/andre/Documents/S4/Qualité/TP/Jeu_Quiz/projet/vendor/laravel/framework/src/Illuminate/Container/BoundMethod.php(35): Illuminate/Container/BoundMethod::callBoundMethod(Object(Illuminate/Foundation/Application), Object(Closure), Object(Closure))
#15 C:/Users/andre/Documents/S4/Qualité/TP/Jeu_Quiz/projet/vendor/laravel/framework/src/Illuminate/Container/Container.php(799): Illuminate/Container/BoundMethod::call(Object(Illuminate/Foundation/Application), Object(Closure), Array, NULL)
#16 C:/Users/andre/Documents/S4/Qualité/TP/Jeu_Quiz/projet/vendor/laravel/framework/src/Illuminate/Support/ServiceProvider.php(150): Illuminate/Container/Container->call(Object(Closure))
#17 C:/Users/andre/Documents/S4/Qualité/TP/Jeu_Quiz/projet/vendor/laravel/framework/src/Illuminate/Foundation/Application.php(1154): Illuminate/Support/ServiceProvider->callBootedCallbacks()
#18 C:/Users/andre/Documents/S4/Qualité/TP/Jeu_Quiz/projet/vendor/laravel/framework/src/Illuminate/Foundation/Application.php(1132): Illuminate/Foundation/Application->bootProvider(Object(Illuminate/Foundation/Support/Providers/RouteServiceProvider))
#19 [internal function]: Illuminate/Foundation/Application->{closure:Illuminate/Foundation/Application::boot():1131}(Object(Illuminate/Foundation/Support/Providers/RouteServiceProvider), 'Illuminate//Foun...')
#20 C:/Users/andre/Documents/S4/Qualité/TP/Jeu_Quiz/projet/vendor/laravel/framework/src/Illuminate/Foundation/Application.php(1131): array_walk(Array, Object(Closure))
#21 C:/Users/andre/Documents/S4/Qualité/TP/Jeu_Quiz/projet/vendor/laravel/framework/src/Illuminate/Foundation/Bootstrap/BootProviders.php(17): Illuminate/Foundation/Application->boot()
#22 C:/Users/andre/Documents/S4/Qualité/TP/Jeu_Quiz/projet/vendor/laravel/framework/src/Illuminate/Foundation/Application.php(342): Illuminate/Foundation/Bootstrap/BootProviders->bootstrap(Object(Illuminate/Foundation/Application))
#23 C:/Users/andre/Documents/S4/Qualité/TP/Jeu_Quiz/projet/vendor/laravel/framework/src/Illuminate/Foundation/Http/Kernel.php(186): Illuminate/Foundation/Application->bootstrapWith(Array)
#24 C:/Users/andre/Documents/S4/Qualité/TP/Jeu_Quiz/projet/vendor/laravel/framework/src/Illuminate/Foundation/Http/Kernel.php(170): Illuminate/Foundation/Http/Kernel->bootstrap()
#25 C:/Users/andre/Documents/S4/Qualité/TP/Jeu_Quiz/projet/vendor/laravel/framework/src/Illuminate/Foundation/Http/Kernel.php(144): Illuminate/Foundation/Http/Kernel->sendRequestThroughRouter(Object(Illuminate/Http/Request))
#26 C:/Users/andre/Documents/S4/Qualité/TP/Jeu_Quiz/projet/vendor/laravel/framework/src/Illuminate/Foundation/Application.php(1220): Illuminate/Foundation/Http/Kernel->handle(Object(Illuminate/Http/Request))
#27 C:/Users/andre/Documents/S4/Qualité/TP/Jeu_Quiz/projet/public/index.php(20): Illuminate/Foundation/Application->handleRequest(Object(Illuminate/Http/Request))
#28 C:/Users/andre/Documents/S4/Qualité/TP/Jeu_Quiz/projet/vendor/laravel/framework/src/Illuminate/Foundation/resources/server.php(23): require_once('C://Users//andre//...')
#29 {main}
"} 
[2026-05-03 08:12:48] local.ERROR: syntax error, unexpected end of file {"exception":"[object] (ParseError(code: 0): syntax error, unexpected end of file at C:/Users/andre/Documents/S4/Qualité/TP/Jeu_Quiz/projet/routes/web.php:6)
[stacktrace]
#0 C:/Users/andre/Documents/S4/Qualité/TP/Jeu_Quiz/projet/vendor/laravel/framework/src/Illuminate/Routing/Router.php(526): Illuminate/Routing/RouteFileRegistrar->register('C://Users//andre//...')
#1 C:/Users/andre/Documents/S4/Qualité/TP/Jeu_Quiz/projet/vendor/laravel/framework/src/Illuminate/Routing/Router.php(480): Illuminate/Routing/Router->loadRoutes('C://Users//andre//...')
#2 C:/Users/andre/Documents/S4/Qualité/TP/Jeu_Quiz/projet/vendor/laravel/framework/src/Illuminate/Routing/RouteRegistrar.php(212): Illuminate/Routing/Router->group(Array, 'C://Users//andre//...')
#3 C:/Users/andre/Documents/S4/Qualité/TP/Jeu_Quiz/projet/vendor/laravel/framework/src/Illuminate/Foundation/Configuration/ApplicationBuilder.php(260): Illuminate/Routing/RouteRegistrar->group('C://Users//andre//...')
#4 C:/Users/andre/Documents/S4/Qualité/TP/Jeu_Quiz/projet/vendor/laravel/framework/src/Illuminate/Container/BoundMethod.php(36): Illuminate/Foundation/Configuration/ApplicationBuilder->{closure:Illuminate/Foundation/Configuration/ApplicationBuilder::buildRoutingCallback():209}()
#5 C:/Users/andre/Documents/S4/Qualité/TP/Jeu_Quiz/projet/vendor/laravel/framework/src/Illuminate/Container/Util.php(43): Illuminate/Container/BoundMethod::{closure:Illuminate/Container/BoundMethod::call():35}()
#6 C:/Users/andre/Documents/S4/Qualité/TP/Jeu_Quiz/projet/vendor/laravel/framework/src/Illuminate/Container/BoundMethod.php(84): Illuminate/Container/Util::unwrapIfClosure(Object(Closure))
#7 C:/Users/andre/Documents/S4/Qualité/TP/Jeu_Quiz/projet/vendor/laravel/framework/src/Illuminate/Container/BoundMethod.php(35): Illuminate/Container/BoundMethod::callBoundMethod(Object(Illuminate/Foundation/Application), Object(Closure), Object(Closure))
#8 C:/Users/andre/Documents/S4/Qualité/TP/Jeu_Quiz/projet/vendor/laravel/framework/src/Illuminate/Container/Container.php(799): Illuminate/Container/BoundMethod::call(Object(Illuminate/Foundation/Application), Object(Closure), Array, NULL)
#9 C:/Users/andre/Documents/S4/Qualité/TP/Jeu_Quiz/projet/vendor/laravel/framework/src/Illuminate/Foundation/Support/Providers/RouteServiceProvider.php(162): Illuminate/Container/Container->call(Object(Closure))
#10 C:/Users/andre/Documents/S4/Qualité/TP/Jeu_Quiz/projet/vendor/laravel/framework/src/Illuminate/Foundation/Support/Providers/RouteServiceProvider.php(59): Illuminate/Foundation/Support/Providers/RouteServiceProvider->loadRoutes()
#11 C:/Users/andre/Documents/S4/Qualité/TP/Jeu_Quiz/projet/vendor/laravel/framework/src/Illuminate/Container/BoundMethod.php(36): Illuminate/Foundation/Support/Providers/RouteServiceProvider->{closure:Illuminate/Foundation/Support/Providers/RouteServiceProvider::register():53}()
#12 C:/Users/andre/Documents/S4/Qualité/TP/Jeu_Quiz/projet/vendor/laravel/framework/src/Illuminate/Container/Util.php(43): Illuminate/Container/BoundMethod::{closure:Illuminate/Container/BoundMethod::call():35}()
#13 C:/Users/andre/Documents/S4/Qualité/TP/Jeu_Quiz/projet/vendor/laravel/framework/src/Illuminate/Container/BoundMethod.php(84): Illuminate/Container/Util::unwrapIfClosure(Object(Closure))
#14 C:/Users/andre/Documents/S4/Qualité/TP/Jeu_Quiz/projet/vendor/laravel/framework/src/Illuminate/Container/BoundMethod.php(35): Illuminate/Container/BoundMethod::callBoundMethod(Object(Illuminate/Foundation/Application), Object(Closure), Object(Closure))
#15 C:/Users/andre/Documents/S4/Qualité/TP/Jeu_Quiz/projet/vendor/laravel/framework/src/Illuminate/Container/Container.php(799): Illuminate/Container/BoundMethod::call(Object(Illuminate/Foundation/Application), Object(Closure), Array, NULL)
#16 C:/Users/andre/Documents/S4/Qualité/TP/Jeu_Quiz/projet/vendor/laravel/framework/src/Illuminate/Support/ServiceProvider.php(150): Illuminate/Container/Container->call(Object(Closure))
#17 C:/Users/andre/Documents/S4/Qualité/TP/Jeu_Quiz/projet/vendor/laravel/framework/src/Illuminate/Foundation/Application.php(1154): Illuminate/Support/ServiceProvider->callBootedCallbacks()
#18 C:/Users/andre/Documents/S4/Qualité/TP/Jeu_Quiz/projet/vendor/laravel/framework/src/Illuminate/Foundation/Application.php(1132): Illuminate/Foundation/Application->bootProvider(Object(Illuminate/Foundation/Support/Providers/RouteServiceProvider))
#19 [internal function]: Illuminate/Foundation/Application->{closure:Illuminate/Foundation/Application::boot():1131}(Object(Illuminate/Foundation/Support/Providers/RouteServiceProvider), 'Illuminate//Foun...')
#20 C:/Users/andre/Documents/S4/Qualité/TP/Jeu_Quiz/projet/vendor/laravel/framework/src/Illuminate/Foundation/Application.php(1131): array_walk(Array, Object(Closure))
#21 C:/Users/andre/Documents/S4/Qualité/TP/Jeu_Quiz/projet/vendor/laravel/framework/src/Illuminate/Foundation/Bootstrap/BootProviders.php(17): Illuminate/Foundation/Application->boot()
#22 C:/Users/andre/Documents/S4/Qualité/TP/Jeu_Quiz/projet/vendor/laravel/framework/src/Illuminate/Foundation/Application.php(342): Illuminate/Foundation/Bootstrap/BootProviders->bootstrap(Object(Illuminate/Foundation/Application))
#23 C:/Users/andre/Documents/S4/Qualité/TP/Jeu_Quiz/projet/vendor/laravel/framework/src/Illuminate/Foundation/Console/Kernel.php(494): Illuminate/Foundation/Application->bootstrapWith(Array)
#24 C:/Users/andre/Documents/S4/Qualité/TP/Jeu_Quiz/projet/vendor/laravel/framework/src/Illuminate/Foundation/Console/Kernel.php(196): Illuminate/Foundation/Console/Kernel->bootstrap()
#25 C:/Users/andre/Documents/S4/Qualité/TP/Jeu_Quiz/projet/vendor/laravel/framework/src/Illuminate/Foundation/Application.php(1235): Illuminate/Foundation/Console/Kernel->handle(Object(Symfony/Component/Console/Input/ArgvInput), Object(Symfony/Component/Console/Output/ConsoleOutput))
#26 C:/Users/andre/Documents/S4/Qualité/TP/Jeu_Quiz/projet/artisan(16): Illuminate/Foundation/Application->handleCommand(Object(Symfony/Component/Console/Input/ArgvInput))
#27 {main}
"} 
[2026-05-03 08:12:48] local.ERROR: syntax error, unexpected end of file {"exception":"[object] (ParseError(code: 0): syntax error, unexpected end of file at C:/Users/andre/Documents/S4/Qualité/TP/Jeu_Quiz/projet/routes/web.php:6)
[stacktrace]
#0 C:/Users/andre/Documents/S4/Qualité/TP/Jeu_Quiz/projet/vendor/laravel/framework/src/Illuminate/Routing/Router.php(526): Illuminate/Routing/RouteFileRegistrar->register('C://Users//andre//...')
#1 C:/Users/andre/Documents/S4/Qualité/TP/Jeu_Quiz/projet/vendor/laravel/framework/src/Illuminate/Routing/Router.php(480): Illuminate/Routing/Router->loadRoutes('C://Users//andre//...')
#2 C:/Users/andre/Documents/S4/Qualité/TP/Jeu_Quiz/projet/vendor/laravel/framework/src/Illuminate/Routing/RouteRegistrar.php(212): Illuminate/Routing/Router->group(Array, 'C://Users//andre//...')
#3 C:/Users/andre/Documents/S4/Qualité/TP/Jeu_Quiz/projet/vendor/laravel/framework/src/Illuminate/Foundation/Configuration/ApplicationBuilder.php(260): Illuminate/Routing/RouteRegistrar->group('C://Users//andre//...')
#4 C:/Users/andre/Documents/S4/Qualité/TP/Jeu_Quiz/projet/vendor/laravel/framework/src/Illuminate/Container/BoundMethod.php(36): Illuminate/Foundation/Configuration/ApplicationBuilder->{closure:Illuminate/Foundation/Configuration/ApplicationBuilder::buildRoutingCallback():209}()
#5 C:/Users/andre/Documents/S4/Qualité/TP/Jeu_Quiz/projet/vendor/laravel/framework/src/Illuminate/Container/Util.php(43): Illuminate/Container/BoundMethod::{closure:Illuminate/Container/BoundMethod::call():35}()
#6 C:/Users/andre/Documents/S4/Qualité/TP/Jeu_Quiz/projet/vendor/laravel/framework/src/Illuminate/Container/BoundMethod.php(84): Illuminate/Container/Util::unwrapIfClosure(Object(Closure))
#7 C:/Users/andre/Documents/S4/Qualité/TP/Jeu_Quiz/projet/vendor/laravel/framework/src/Illuminate/Container/BoundMethod.php(35): Illuminate/Container/BoundMethod::callBoundMethod(Object(Illuminate/Foundation/Application), Object(Closure), Object(Closure))
#8 C:/Users/andre/Documents/S4/Qualité/TP/Jeu_Quiz/projet/vendor/laravel/framework/src/Illuminate/Container/Container.php(799): Illuminate/Container/BoundMethod::call(Object(Illuminate/Foundation/Application), Object(Closure), Array, NULL)
#9 C:/Users/andre/Documents/S4/Qualité/TP/Jeu_Quiz/projet/vendor/laravel/framework/src/Illuminate/Foundation/Support/Providers/RouteServiceProvider.php(162): Illuminate/Container/Container->call(Object(Closure))
#10 C:/Users/andre/Documents/S4/Qualité/TP/Jeu_Quiz/projet/vendor/laravel/framework/src/Illuminate/Foundation/Support/Providers/RouteServiceProvider.php(59): Illuminate/Foundation/Support/Providers/RouteServiceProvider->loadRoutes()
#11 C:/Users/andre/Documents/S4/Qualité/TP/Jeu_Quiz/projet/vendor/laravel/framework/src/Illuminate/Container/BoundMethod.php(36): Illuminate/Foundation/Support/Providers/RouteServiceProvider->{closure:Illuminate/Foundation/Support/Providers/RouteServiceProvider::register():53}()
#12 C:/Users/andre/Documents/S4/Qualité/TP/Jeu_Quiz/projet/vendor/laravel/framework/src/Illuminate/Container/Util.php(43): Illuminate/Container/BoundMethod::{closure:Illuminate/Container/BoundMethod::call():35}()
#13 C:/Users/andre/Documents/S4/Qualité/TP/Jeu_Quiz/projet/vendor/laravel/framework/src/Illuminate/Container/BoundMethod.php(84): Illuminate/Container/Util::unwrapIfClosure(Object(Closure))
#14 C:/Users/andre/Documents/S4/Qualité/TP/Jeu_Quiz/projet/vendor/laravel/framework/src/Illuminate/Container/BoundMethod.php(35): Illuminate/Container/BoundMethod::callBoundMethod(Object(Illuminate/Foundation/Application), Object(Closure), Object(Closure))
#15 C:/Users/andre/Documents/S4/Qualité/TP/Jeu_Quiz/projet/vendor/laravel/framework/src/Illuminate/Container/Container.php(799): Illuminate/Container/BoundMethod::call(Object(Illuminate/Foundation/Application), Object(Closure), Array, NULL)
#16 C:/Users/andre/Documents/S4/Qualité/TP/Jeu_Quiz/projet/vendor/laravel/framework/src/Illuminate/Support/ServiceProvider.php(150): Illuminate/Container/Container->call(Object(Closure))
#17 C:/Users/andre/Documents/S4/Qualité/TP/Jeu_Quiz/projet/vendor/laravel/framework/src/Illuminate/Foundation/Application.php(1154): Illuminate/Support/ServiceProvider->callBootedCallbacks()
#18 C:/Users/andre/Documents/S4/Qualité/TP/Jeu_Quiz/projet/vendor/laravel/framework/src/Illuminate/Foundation/Application.php(1132): Illuminate/Foundation/Application->bootProvider(Object(Illuminate/Foundation/Support/Providers/RouteServiceProvider))
#19 [internal function]: Illuminate/Foundation/Application->{closure:Illuminate/Foundation/Application::boot():1131}(Object(Illuminate/Foundation/Support/Providers/RouteServiceProvider), 'Illuminate//Foun...')
#20 C:/Users/andre/Documents/S4/Qualité/TP/Jeu_Quiz/projet/vendor/laravel/framework/src/Illuminate/Foundation/Application.php(1131): array_walk(Array, Object(Closure))
#21 C:/Users/andre/Documents/S4/Qualité/TP/Jeu_Quiz/projet/vendor/laravel/framework/src/Illuminate/Foundation/Bootstrap/BootProviders.php(17): Illuminate/Foundation/Application->boot()
#22 C:/Users/andre/Documents/S4/Qualité/TP/Jeu_Quiz/projet/vendor/laravel/framework/src/Illuminate/Foundation/Application.php(342): Illuminate/Foundation/Bootstrap/BootProviders->bootstrap(Object(Illuminate/Foundation/Application))
#23 C:/Users/andre/Documents/S4/Qualité/TP/Jeu_Quiz/projet/vendor/laravel/framework/src/Illuminate/Foundation/Console/Kernel.php(494): Illuminate/Foundation/Application->bootstrapWith(Array)
#24 C:/Users/andre/Documents/S4/Qualité/TP/Jeu_Quiz/projet/vendor/laravel/framework/src/Illuminate/Foundation/Console/Kernel.php(196): Illuminate/Foundation/Console/Kernel->bootstrap()
#25 C:/Users/andre/Documents/S4/Qualité/TP/Jeu_Quiz/projet/vendor/laravel/framework/src/Illuminate/Foundation/Application.php(1235): Illuminate/Foundation/Console/Kernel->handle(Object(Symfony/Component/Console/Input/ArgvInput), Object(Symfony/Component/Console/Output/ConsoleOutput))
#26 C:/Users/andre/Documents/S4/Qualité/TP/Jeu_Quiz/projet/artisan(16): Illuminate/Foundation/Application->handleCommand(Object(Symfony/Component/Console/Input/ArgvInput))
#27 {main}
"} 
[2026-05-03 08:12:48] local.ERROR: syntax error, unexpected end of file {"exception":"[object] (ParseError(code: 0): syntax error, unexpected end of file at C:/Users/andre/Documents/S4/Qualité/TP/Jeu_Quiz/projet/routes/web.php:6)
[stacktrace]
#0 C:/Users/andre/Documents/S4/Qualité/TP/Jeu_Quiz/projet/vendor/laravel/framework/src/Illuminate/Routing/Router.php(526): Illuminate/Routing/RouteFileRegistrar->register('C://Users//andre//...')
#1 C:/Users/andre/Documents/S4/Qualité/TP/Jeu_Quiz/projet/vendor/laravel/framework/src/Illuminate/Routing/Router.php(480): Illuminate/Routing/Router->loadRoutes('C://Users//andre//...')
#2 C:/Users/andre/Documents/S4/Qualité/TP/Jeu_Quiz/projet/vendor/laravel/framework/src/Illuminate/Routing/RouteRegistrar.php(212): Illuminate/Routing/Router->group(Array, 'C://Users//andre//...')
#3 C:/Users/andre/Documents/S4/Qualité/TP/Jeu_Quiz/projet/vendor/laravel/framework/src/Illuminate/Foundation/Configuration/ApplicationBuilder.php(260): Illuminate/Routing/RouteRegistrar->group('C://Users//andre//...')
#4 C:/Users/andre/Documents/S4/Qualité/TP/Jeu_Quiz/projet/vendor/laravel/framework/src/Illuminate/Container/BoundMethod.php(36): Illuminate/Foundation/Configuration/ApplicationBuilder->{closure:Illuminate/Foundation/Configuration/ApplicationBuilder::buildRoutingCallback():209}()
#5 C:/Users/andre/Documents/S4/Qualité/TP/Jeu_Quiz/projet/vendor/laravel/framework/src/Illuminate/Container/Util.php(43): Illuminate/Container/BoundMethod::{closure:Illuminate/Container/BoundMethod::call():35}()
#6 C:/Users/andre/Documents/S4/Qualité/TP/Jeu_Quiz/projet/vendor/laravel/framework/src/Illuminate/Container/BoundMethod.php(84): Illuminate/Container/Util::unwrapIfClosure(Object(Closure))
#7 C:/Users/andre/Documents/S4/Qualité/TP/Jeu_Quiz/projet/vendor/laravel/framework/src/Illuminate/Container/BoundMethod.php(35): Illuminate/Container/BoundMethod::callBoundMethod(Object(Illuminate/Foundation/Application), Object(Closure), Object(Closure))
#8 C:/Users/andre/Documents/S4/Qualité/TP/Jeu_Quiz/projet/vendor/laravel/framework/src/Illuminate/Container/Container.php(799): Illuminate/Container/BoundMethod::call(Object(Illuminate/Foundation/Application), Object(Closure), Array, NULL)
#9 C:/Users/andre/Documents/S4/Qualité/TP/Jeu_Quiz/projet/vendor/laravel/framework/src/Illuminate/Foundation/Support/Providers/RouteServiceProvider.php(162): Illuminate/Container/Container->call(Object(Closure))
#10 C:/Users/andre/Documents/S4/Qualité/TP/Jeu_Quiz/projet/vendor/laravel/framework/src/Illuminate/Foundation/Support/Providers/RouteServiceProvider.php(59): Illuminate/Foundation/Support/Providers/RouteServiceProvider->loadRoutes()
#11 C:/Users/andre/Documents/S4/Qualité/TP/Jeu_Quiz/projet/vendor/laravel/framework/src/Illuminate/Container/BoundMethod.php(36): Illuminate/Foundation/Support/Providers/RouteServiceProvider->{closure:Illuminate/Foundation/Support/Providers/RouteServiceProvider::register():53}()
#12 C:/Users/andre/Documents/S4/Qualité/TP/Jeu_Quiz/projet/vendor/laravel/framework/src/Illuminate/Container/Util.php(43): Illuminate/Container/BoundMethod::{closure:Illuminate/Container/BoundMethod::call():35}()
#13 C:/Users/andre/Documents/S4/Qualité/TP/Jeu_Quiz/projet/vendor/laravel/framework/src/Illuminate/Container/BoundMethod.php(84): Illuminate/Container/Util::unwrapIfClosure(Object(Closure))
#14 C:/Users/andre/Documents/S4/Qualité/TP/Jeu_Quiz/projet/vendor/laravel/framework/src/Illuminate/Container/BoundMethod.php(35): Illuminate/Container/BoundMethod::callBoundMethod(Object(Illuminate/Foundation/Application), Object(Closure), Object(Closure))
#15 C:/Users/andre/Documents/S4/Qualité/TP/Jeu_Quiz/projet/vendor/laravel/framework/src/Illuminate/Container/Container.php(799): Illuminate/Container/BoundMethod::call(Object(Illuminate/Foundation/Application), Object(Closure), Array, NULL)
#16 C:/Users/andre/Documents/S4/Qualité/TP/Jeu_Quiz/projet/vendor/laravel/framework/src/Illuminate/Support/ServiceProvider.php(150): Illuminate/Container/Container->call(Object(Closure))
#17 C:/Users/andre/Documents/S4/Qualité/TP/Jeu_Quiz/projet/vendor/laravel/framework/src/Illuminate/Foundation/Application.php(1154): Illuminate/Support/ServiceProvider->callBootedCallbacks()
#18 C:/Users/andre/Documents/S4/Qualité/TP/Jeu_Quiz/projet/vendor/laravel/framework/src/Illuminate/Foundation/Application.php(1132): Illuminate/Foundation/Application->bootProvider(Object(Illuminate/Foundation/Support/Providers/RouteServiceProvider))
#19 [internal function]: Illuminate/Foundation/Application->{closure:Illuminate/Foundation/Application::boot():1131}(Object(Illuminate/Foundation/Support/Providers/RouteServiceProvider), 'Illuminate//Foun...')
#20 C:/Users/andre/Documents/S4/Qualité/TP/Jeu_Quiz/projet/vendor/laravel/framework/src/Illuminate/Foundation/Application.php(1131): array_walk(Array, Object(Closure))
#21 C:/Users/andre/Documents/S4/Qualité/TP/Jeu_Quiz/projet/vendor/laravel/framework/src/Illuminate/Foundation/Bootstrap/BootProviders.php(17): Illuminate/Foundation/Application->boot()
#22 C:/Users/andre/Documents/S4/Qualité/TP/Jeu_Quiz/projet/vendor/laravel/framework/src/Illuminate/Foundation/Application.php(342): Illuminate/Foundation/Bootstrap/BootProviders->bootstrap(Object(Illuminate/Foundation/Application))
#23 C:/Users/andre/Documents/S4/Qualité/TP/Jeu_Quiz/projet/vendor/laravel/framework/src/Illuminate/Foundation/Console/Kernel.php(494): Illuminate/Foundation/Application->bootstrapWith(Array)
#24 C:/Users/andre/Documents/S4/Qualité/TP/Jeu_Quiz/projet/vendor/laravel/framework/src/Illuminate/Foundation/Console/Kernel.php(196): Illuminate/Foundation/Console/Kernel->bootstrap()
#25 C:/Users/andre/Documents/S4/Qualité/TP/Jeu_Quiz/projet/vendor/laravel/framework/src/Illuminate/Foundation/Application.php(1235): Illuminate/Foundation/Console/Kernel->handle(Object(Symfony/Component/Console/Input/ArgvInput), Object(Symfony/Component/Console/Output/ConsoleOutput))
#26 C:/Users/andre/Documents/S4/Qualité/TP/Jeu_Quiz/projet/artisan(16): Illuminate/Foundation/Application->handleCommand(Object(Symfony/Component/Console/Input/ArgvInput))
#27 {main}
"} 
[2026-05-03 08:12:48] local.ERROR: syntax error, unexpected end of file {"exception":"[object] (ParseError(code: 0): syntax error, unexpected end of file at C:/Users/andre/Documents/S4/Qualité/TP/Jeu_Quiz/projet/routes/web.php:6)
[stacktrace]
#0 C:/Users/andre/Documents/S4/Qualité/TP/Jeu_Quiz/projet/vendor/laravel/framework/src/Illuminate/Routing/Router.php(526): Illuminate/Routing/RouteFileRegistrar->register('C://Users//andre//...')
#1 C:/Users/andre/Documents/S4/Qualité/TP/Jeu_Quiz/projet/vendor/laravel/framework/src/Illuminate/Routing/Router.php(480): Illuminate/Routing/Router->loadRoutes('C://Users//andre//...')
#2 C:/Users/andre/Documents/S4/Qualité/TP/Jeu_Quiz/projet/vendor/laravel/framework/src/Illuminate/Routing/RouteRegistrar.php(212): Illuminate/Routing/Router->group(Array, 'C://Users//andre//...')
#3 C:/Users/andre/Documents/S4/Qualité/TP/Jeu_Quiz/projet/vendor/laravel/framework/src/Illuminate/Foundation/Configuration/ApplicationBuilder.php(260): Illuminate/Routing/RouteRegistrar->group('C://Users//andre//...')
#4 C:/Users/andre/Documents/S4/Qualité/TP/Jeu_Quiz/projet/vendor/laravel/framework/src/Illuminate/Container/BoundMethod.php(36): Illuminate/Foundation/Configuration/ApplicationBuilder->{closure:Illuminate/Foundation/Configuration/ApplicationBuilder::buildRoutingCallback():209}()
#5 C:/Users/andre/Documents/S4/Qualité/TP/Jeu_Quiz/projet/vendor/laravel/framework/src/Illuminate/Container/Util.php(43): Illuminate/Container/BoundMethod::{closure:Illuminate/Container/BoundMethod::call():35}()
#6 C:/Users/andre/Documents/S4/Qualité/TP/Jeu_Quiz/projet/vendor/laravel/framework/src/Illuminate/Container/BoundMethod.php(84): Illuminate/Container/Util::unwrapIfClosure(Object(Closure))
#7 C:/Users/andre/Documents/S4/Qualité/TP/Jeu_Quiz/projet/vendor/laravel/framework/src/Illuminate/Container/BoundMethod.php(35): Illuminate/Container/BoundMethod::callBoundMethod(Object(Illuminate/Foundation/Application), Object(Closure), Object(Closure))
#8 C:/Users/andre/Documents/S4/Qualité/TP/Jeu_Quiz/projet/vendor/laravel/framework/src/Illuminate/Container/Container.php(799): Illuminate/Container/BoundMethod::call(Object(Illuminate/Foundation/Application), Object(Closure), Array, NULL)
#9 C:/Users/andre/Documents/S4/Qualité/TP/Jeu_Quiz/projet/vendor/laravel/framework/src/Illuminate/Foundation/Support/Providers/RouteServiceProvider.php(162): Illuminate/Container/Container->call(Object(Closure))
#10 C:/Users/andre/Documents/S4/Qualité/TP/Jeu_Quiz/projet/vendor/laravel/framework/src/Illuminate/Foundation/Support/Providers/RouteServiceProvider.php(59): Illuminate/Foundation/Support/Providers/RouteServiceProvider->loadRoutes()
#11 C:/Users/andre/Documents/S4/Qualité/TP/Jeu_Quiz/projet/vendor/laravel/framework/src/Illuminate/Container/BoundMethod.php(36): Illuminate/Foundation/Support/Providers/RouteServiceProvider->{closure:Illuminate/Foundation/Support/Providers/RouteServiceProvider::register():53}()
#12 C:/Users/andre/Documents/S4/Qualité/TP/Jeu_Quiz/projet/vendor/laravel/framework/src/Illuminate/Container/Util.php(43): Illuminate/Container/BoundMethod::{closure:Illuminate/Container/BoundMethod::call():35}()
#13 C:/Users/andre/Documents/S4/Qualité/TP/Jeu_Quiz/projet/vendor/laravel/framework/src/Illuminate/Container/BoundMethod.php(84): Illuminate/Container/Util::unwrapIfClosure(Object(Closure))
#14 C:/Users/andre/Documents/S4/Qualité/TP/Jeu_Quiz/projet/vendor/laravel/framework/src/Illuminate/Container/BoundMethod.php(35): Illuminate/Container/BoundMethod::callBoundMethod(Object(Illuminate/Foundation/Application), Object(Closure), Object(Closure))
#15 C:/Users/andre/Documents/S4/Qualité/TP/Jeu_Quiz/projet/vendor/laravel/framework/src/Illuminate/Container/Container.php(799): Illuminate/Container/BoundMethod::call(Object(Illuminate/Foundation/Application), Object(Closure), Array, NULL)
#16 C:/Users/andre/Documents/S4/Qualité/TP/Jeu_Quiz/projet/vendor/laravel/framework/src/Illuminate/Support/ServiceProvider.php(150): Illuminate/Container/Container->call(Object(Closure))
#17 C:/Users/andre/Documents/S4/Qualité/TP/Jeu_Quiz/projet/vendor/laravel/framework/src/Illuminate/Foundation/Application.php(1154): Illuminate/Support/ServiceProvider->callBootedCallbacks()
#18 C:/Users/andre/Documents/S4/Qualité/TP/Jeu_Quiz/projet/vendor/laravel/framework/src/Illuminate/Foundation/Application.php(1132): Illuminate/Foundation/Application->bootProvider(Object(Illuminate/Foundation/Support/Providers/RouteServiceProvider))
#19 [internal function]: Illuminate/Foundation/Application->{closure:Illuminate/Foundation/Application::boot():1131}(Object(Illuminate/Foundation/Support/Providers/RouteServiceProvider), 'Illuminate//Foun...')
#20 C:/Users/andre/Documents/S4/Qualité/TP/Jeu_Quiz/projet/vendor/laravel/framework/src/Illuminate/Foundation/Application.php(1131): array_walk(Array, Object(Closure))
#21 C:/Users/andre/Documents/S4/Qualité/TP/Jeu_Quiz/projet/vendor/laravel/framework/src/Illuminate/Foundation/Bootstrap/BootProviders.php(17): Illuminate/Foundation/Application->boot()
#22 C:/Users/andre/Documents/S4/Qualité/TP/Jeu_Quiz/projet/vendor/laravel/framework/src/Illuminate/Foundation/Application.php(342): Illuminate/Foundation/Bootstrap/BootProviders->bootstrap(Object(Illuminate/Foundation/Application))
#23 C:/Users/andre/Documents/S4/Qualité/TP/Jeu_Quiz/projet/vendor/laravel/framework/src/Illuminate/Foundation/Console/Kernel.php(494): Illuminate/Foundation/Application->bootstrapWith(Array)
#24 C:/Users/andre/Documents/S4/Qualité/TP/Jeu_Quiz/projet/vendor/laravel/framework/src/Illuminate/Foundation/Console/Kernel.php(196): Illuminate/Foundation/Console/Kernel->bootstrap()
#25 C:/Users/andre/Documents/S4/Qualité/TP/Jeu_Quiz/projet/vendor/laravel/framework/src/Illuminate/Foundation/Application.php(1235): Illuminate/Foundation/Console/Kernel->handle(Object(Symfony/Component/Console/Input/ArgvInput), Object(Symfony/Component/Console/Output/ConsoleOutput))
#26 C:/Users/andre/Documents/S4/Qualité/TP/Jeu_Quiz/projet/artisan(16): Illuminate/Foundation/Application->handleCommand(Object(Symfony/Component/Console/Input/ArgvInput))
#27 {main}
"} 
[2026-05-03 08:12:48] local.ERROR: syntax error, unexpected end of file {"exception":"[object] (ParseError(code: 0): syntax error, unexpected end of file at C:/Users/andre/Documents/S4/Qualité/TP/Jeu_Quiz/projet/routes/web.php:6)
[stacktrace]
#0 C:/Users/andre/Documents/S4/Qualité/TP/Jeu_Quiz/projet/vendor/laravel/framework/src/Illuminate/Routing/Router.php(526): Illuminate/Routing/RouteFileRegistrar->register('C://Users//andre//...')
#1 C:/Users/andre/Documents/S4/Qualité/TP/Jeu_Quiz/projet/vendor/laravel/framework/src/Illuminate/Routing/Router.php(480): Illuminate/Routing/Router->loadRoutes('C://Users//andre//...')
#2 C:/Users/andre/Documents/S4/Qualité/TP/Jeu_Quiz/projet/vendor/laravel/framework/src/Illuminate/Routing/RouteRegistrar.php(212): Illuminate/Routing/Router->group(Array, 'C://Users//andre//...')
#3 C:/Users/andre/Documents/S4/Qualité/TP/Jeu_Quiz/projet/vendor/laravel/framework/src/Illuminate/Foundation/Configuration/ApplicationBuilder.php(260): Illuminate/Routing/RouteRegistrar->group('C://Users//andre//...')
#4 C:/Users/andre/Documents/S4/Qualité/TP/Jeu_Quiz/projet/vendor/laravel/framework/src/Illuminate/Container/BoundMethod.php(36): Illuminate/Foundation/Configuration/ApplicationBuilder->{closure:Illuminate/Foundation/Configuration/ApplicationBuilder::buildRoutingCallback():209}()
#5 C:/Users/andre/Documents/S4/Qualité/TP/Jeu_Quiz/projet/vendor/laravel/framework/src/Illuminate/Container/Util.php(43): Illuminate/Container/BoundMethod::{closure:Illuminate/Container/BoundMethod::call():35}()
#6 C:/Users/andre/Documents/S4/Qualité/TP/Jeu_Quiz/projet/vendor/laravel/framework/src/Illuminate/Container/BoundMethod.php(84): Illuminate/Container/Util::unwrapIfClosure(Object(Closure))
#7 C:/Users/andre/Documents/S4/Qualité/TP/Jeu_Quiz/projet/vendor/laravel/framework/src/Illuminate/Container/BoundMethod.php(35): Illuminate/Container/BoundMethod::callBoundMethod(Object(Illuminate/Foundation/Application), Object(Closure), Object(Closure))
#8 C:/Users/andre/Documents/S4/Qualité/TP/Jeu_Quiz/projet/vendor/laravel/framework/src/Illuminate/Container/Container.php(799): Illuminate/Container/BoundMethod::call(Object(Illuminate/Foundation/Application), Object(Closure), Array, NULL)
#9 C:/Users/andre/Documents/S4/Qualité/TP/Jeu_Quiz/projet/vendor/laravel/framework/src/Illuminate/Foundation/Support/Providers/RouteServiceProvider.php(162): Illuminate/Container/Container->call(Object(Closure))
#10 C:/Users/andre/Documents/S4/Qualité/TP/Jeu_Quiz/projet/vendor/laravel/framework/src/Illuminate/Foundation/Support/Providers/RouteServiceProvider.php(59): Illuminate/Foundation/Support/Providers/RouteServiceProvider->loadRoutes()
#11 C:/Users/andre/Documents/S4/Qualité/TP/Jeu_Quiz/projet/vendor/laravel/framework/src/Illuminate/Container/BoundMethod.php(36): Illuminate/Foundation/Support/Providers/RouteServiceProvider->{closure:Illuminate/Foundation/Support/Providers/RouteServiceProvider::register():53}()
#12 C:/Users/andre/Documents/S4/Qualité/TP/Jeu_Quiz/projet/vendor/laravel/framework/src/Illuminate/Container/Util.php(43): Illuminate/Container/BoundMethod::{closure:Illuminate/Container/BoundMethod::call():35}()
#13 C:/Users/andre/Documents/S4/Qualité/TP/Jeu_Quiz/projet/vendor/laravel/framework/src/Illuminate/Container/BoundMethod.php(84): Illuminate/Container/Util::unwrapIfClosure(Object(Closure))
#14 C:/Users/andre/Documents/S4/Qualité/TP/Jeu_Quiz/projet/vendor/laravel/framework/src/Illuminate/Container/BoundMethod.php(35): Illuminate/Container/BoundMethod::callBoundMethod(Object(Illuminate/Foundation/Application), Object(Closure), Object(Closure))
#15 C:/Users/andre/Documents/S4/Qualité/TP/Jeu_Quiz/projet/vendor/laravel/framework/src/Illuminate/Container/Container.php(799): Illuminate/Container/BoundMethod::call(Object(Illuminate/Foundation/Application), Object(Closure), Array, NULL)
#16 C:/Users/andre/Documents/S4/Qualité/TP/Jeu_Quiz/projet/vendor/laravel/framework/src/Illuminate/Support/ServiceProvider.php(150): Illuminate/Container/Container->call(Object(Closure))
#17 C:/Users/andre/Documents/S4/Qualité/TP/Jeu_Quiz/projet/vendor/laravel/framework/src/Illuminate/Foundation/Application.php(1154): Illuminate/Support/ServiceProvider->callBootedCallbacks()
#18 C:/Users/andre/Documents/S4/Qualité/TP/Jeu_Quiz/projet/vendor/laravel/framework/src/Illuminate/Foundation/Application.php(1132): Illuminate/Foundation/Application->bootProvider(Object(Illuminate/Foundation/Support/Providers/RouteServiceProvider))
#19 [internal function]: Illuminate/Foundation/Application->{closure:Illuminate/Foundation/Application::boot():1131}(Object(Illuminate/Foundation/Support/Providers/RouteServiceProvider), 'Illuminate//Foun...')
#20 C:/Users/andre/Documents/S4/Qualité/TP/Jeu_Quiz/projet/vendor/laravel/framework/src/Illuminate/Foundation/Application.php(1131): array_walk(Array, Object(Closure))
#21 C:/Users/andre/Documents/S4/Qualité/TP/Jeu_Quiz/projet/vendor/laravel/framework/src/Illuminate/Foundation/Bootstrap/BootProviders.php(17): Illuminate/Foundation/Application->boot()
#22 C:/Users/andre/Documents/S4/Qualité/TP/Jeu_Quiz/projet/vendor/laravel/framework/src/Illuminate/Foundation/Application.php(342): Illuminate/Foundation/Bootstrap/BootProviders->bootstrap(Object(Illuminate/Foundation/Application))
#23 C:/Users/andre/Documents/S4/Qualité/TP/Jeu_Quiz/projet/vendor/laravel/framework/src/Illuminate/Foundation/Console/Kernel.php(494): Illuminate/Foundation/Application->bootstrapWith(Array)
#24 C:/Users/andre/Documents/S4/Qualité/TP/Jeu_Quiz/projet/vendor/laravel/framework/src/Illuminate/Foundation/Console/Kernel.php(196): Illuminate/Foundation/Console/Kernel->bootstrap()
#25 C:/Users/andre/Documents/S4/Qualité/TP/Jeu_Quiz/projet/vendor/laravel/framework/src/Illuminate/Foundation/Application.php(1235): Illuminate/Foundation/Console/Kernel->handle(Object(Symfony/Component/Console/Input/ArgvInput), Object(Symfony/Component/Console/Output/ConsoleOutput))
#26 C:/Users/andre/Documents/S4/Qualité/TP/Jeu_Quiz/projet/artisan(16): Illuminate/Foundation/Application->handleCommand(Object(Symfony/Component/Console/Input/ArgvInput))
#27 {main}
"} 
[2026-05-03 08:12:53] local.ERROR: syntax error, unexpected end of file {"exception":"[object] (ParseError(code: 0): syntax error, unexpected end of file at C:/Users/andre/Documents/S4/Qualité/TP/Jeu_Quiz/projet/routes/web.php:6)
[stacktrace]
#0 C:/Users/andre/Documents/S4/Qualité/TP/Jeu_Quiz/projet/vendor/laravel/framework/src/Illuminate/Routing/Router.php(526): Illuminate/Routing/RouteFileRegistrar->register('C://Users//andre//...')
#1 C:/Users/andre/Documents/S4/Qualité/TP/Jeu_Quiz/projet/vendor/laravel/framework/src/Illuminate/Routing/Router.php(480): Illuminate/Routing/Router->loadRoutes('C://Users//andre//...')
#2 C:/Users/andre/Documents/S4/Qualité/TP/Jeu_Quiz/projet/vendor/laravel/framework/src/Illuminate/Routing/RouteRegistrar.php(212): Illuminate/Routing/Router->group(Array, 'C://Users//andre//...')
#3 C:/Users/andre/Documents/S4/Qualité/TP/Jeu_Quiz/projet/vendor/laravel/framework/src/Illuminate/Foundation/Configuration/ApplicationBuilder.php(260): Illuminate/Routing/RouteRegistrar->group('C://Users//andre//...')
#4 C:/Users/andre/Documents/S4/Qualité/TP/Jeu_Quiz/projet/vendor/laravel/framework/src/Illuminate/Container/BoundMethod.php(36): Illuminate/Foundation/Configuration/ApplicationBuilder->{closure:Illuminate/Foundation/Configuration/ApplicationBuilder::buildRoutingCallback():209}()
#5 C:/Users/andre/Documents/S4/Qualité/TP/Jeu_Quiz/projet/vendor/laravel/framework/src/Illuminate/Container/Util.php(43): Illuminate/Container/BoundMethod::{closure:Illuminate/Container/BoundMethod::call():35}()
#6 C:/Users/andre/Documents/S4/Qualité/TP/Jeu_Quiz/projet/vendor/laravel/framework/src/Illuminate/Container/BoundMethod.php(84): Illuminate/Container/Util::unwrapIfClosure(Object(Closure))
#7 C:/Users/andre/Documents/S4/Qualité/TP/Jeu_Quiz/projet/vendor/laravel/framework/src/Illuminate/Container/BoundMethod.php(35): Illuminate/Container/BoundMethod::callBoundMethod(Object(Illuminate/Foundation/Application), Object(Closure), Object(Closure))
#8 C:/Users/andre/Documents/S4/Qualité/TP/Jeu_Quiz/projet/vendor/laravel/framework/src/Illuminate/Container/Container.php(799): Illuminate/Container/BoundMethod::call(Object(Illuminate/Foundation/Application), Object(Closure), Array, NULL)
#9 C:/Users/andre/Documents/S4/Qualité/TP/Jeu_Quiz/projet/vendor/laravel/framework/src/Illuminate/Foundation/Support/Providers/RouteServiceProvider.php(162): Illuminate/Container/Container->call(Object(Closure))
#10 C:/Users/andre/Documents/S4/Qualité/TP/Jeu_Quiz/projet/vendor/laravel/framework/src/Illuminate/Foundation/Support/Providers/RouteServiceProvider.php(59): Illuminate/Foundation/Support/Providers/RouteServiceProvider->loadRoutes()
#11 C:/Users/andre/Documents/S4/Qualité/TP/Jeu_Quiz/projet/vendor/laravel/framework/src/Illuminate/Container/BoundMethod.php(36): Illuminate/Foundation/Support/Providers/RouteServiceProvider->{closure:Illuminate/Foundation/Support/Providers/RouteServiceProvider::register():53}()
#12 C:/Users/andre/Documents/S4/Qualité/TP/Jeu_Quiz/projet/vendor/laravel/framework/src/Illuminate/Container/Util.php(43): Illuminate/Container/BoundMethod::{closure:Illuminate/Container/BoundMethod::call():35}()
#13 C:/Users/andre/Documents/S4/Qualité/TP/Jeu_Quiz/projet/vendor/laravel/framework/src/Illuminate/Container/BoundMethod.php(84): Illuminate/Container/Util::unwrapIfClosure(Object(Closure))
#14 C:/Users/andre/Documents/S4/Qualité/TP/Jeu_Quiz/projet/vendor/laravel/framework/src/Illuminate/Container/BoundMethod.php(35): Illuminate/Container/BoundMethod::callBoundMethod(Object(Illuminate/Foundation/Application), Object(Closure), Object(Closure))
#15 C:/Users/andre/Documents/S4/Qualité/TP/Jeu_Quiz/projet/vendor/laravel/framework/src/Illuminate/Container/Container.php(799): Illuminate/Container/BoundMethod::call(Object(Illuminate/Foundation/Application), Object(Closure), Array, NULL)
#16 C:/Users/andre/Documents/S4/Qualité/TP/Jeu_Quiz/projet/vendor/laravel/framework/src/Illuminate/Support/ServiceProvider.php(150): Illuminate/Container/Container->call(Object(Closure))
#17 C:/Users/andre/Documents/S4/Qualité/TP/Jeu_Quiz/projet/vendor/laravel/framework/src/Illuminate/Foundation/Application.php(1154): Illuminate/Support/ServiceProvider->callBootedCallbacks()
#18 C:/Users/andre/Documents/S4/Qualité/TP/Jeu_Quiz/projet/vendor/laravel/framework/src/Illuminate/Foundation/Application.php(1132): Illuminate/Foundation/Application->bootProvider(Object(Illuminate/Foundation/Support/Providers/RouteServiceProvider))
#19 [internal function]: Illuminate/Foundation/Application->{closure:Illuminate/Foundation/Application::boot():1131}(Object(Illuminate/Foundation/Support/Providers/RouteServiceProvider), 'Illuminate//Foun...')
#20 C:/Users/andre/Documents/S4/Qualité/TP/Jeu_Quiz/projet/vendor/laravel/framework/src/Illuminate/Foundation/Application.php(1131): array_walk(Array, Object(Closure))
#21 C:/Users/andre/Documents/S4/Qualité/TP/Jeu_Quiz/projet/vendor/laravel/framework/src/Illuminate/Foundation/Bootstrap/BootProviders.php(17): Illuminate/Foundation/Application->boot()
#22 C:/Users/andre/Documents/S4/Qualité/TP/Jeu_Quiz/projet/vendor/laravel/framework/src/Illuminate/Foundation/Application.php(342): Illuminate/Foundation/Bootstrap/BootProviders->bootstrap(Object(Illuminate/Foundation/Application))
#23 C:/Users/andre/Documents/S4/Qualité/TP/Jeu_Quiz/projet/vendor/laravel/framework/src/Illuminate/Foundation/Http/Kernel.php(186): Illuminate/Foundation/Application->bootstrapWith(Array)
#24 C:/Users/andre/Documents/S4/Qualité/TP/Jeu_Quiz/projet/vendor/laravel/framework/src/Illuminate/Foundation/Http/Kernel.php(170): Illuminate/Foundation/Http/Kernel->bootstrap()
#25 C:/Users/andre/Documents/S4/Qualité/TP/Jeu_Quiz/projet/vendor/laravel/framework/src/Illuminate/Foundation/Http/Kernel.php(144): Illuminate/Foundation/Http/Kernel->sendRequestThroughRouter(Object(Illuminate/Http/Request))
#26 C:/Users/andre/Documents/S4/Qualité/TP/Jeu_Quiz/projet/vendor/laravel/framework/src/Illuminate/Foundation/Application.php(1220): Illuminate/Foundation/Http/Kernel->handle(Object(Illuminate/Http/Request))
#27 C:/Users/andre/Documents/S4/Qualité/TP/Jeu_Quiz/projet/public/index.php(20): Illuminate/Foundation/Application->handleRequest(Object(Illuminate/Http/Request))
#28 C:/Users/andre/Documents/S4/Qualité/TP/Jeu_Quiz/projet/vendor/laravel/framework/src/Illuminate/Foundation/resources/server.php(23): require_once('C://Users//andre//...')
#29 {main}
"} 
[2026-05-03 08:12:55] local.ERROR: syntax error, unexpected end of file {"exception":"[object] (ParseError(code: 0): syntax error, unexpected end of file at C:/Users/andre/Documents/S4/Qualité/TP/Jeu_Quiz/projet/routes/web.php:6)
[stacktrace]
#0 C:/Users/andre/Documents/S4/Qualité/TP/Jeu_Quiz/projet/vendor/laravel/framework/src/Illuminate/Routing/Router.php(526): Illuminate/Routing/RouteFileRegistrar->register('C://Users//andre//...')
#1 C:/Users/andre/Documents/S4/Qualité/TP/Jeu_Quiz/projet/vendor/laravel/framework/src/Illuminate/Routing/Router.php(480): Illuminate/Routing/Router->loadRoutes('C://Users//andre//...')
#2 C:/Users/andre/Documents/S4/Qualité/TP/Jeu_Quiz/projet/vendor/laravel/framework/src/Illuminate/Routing/RouteRegistrar.php(212): Illuminate/Routing/Router->group(Array, 'C://Users//andre//...')
#3 C:/Users/andre/Documents/S4/Qualité/TP/Jeu_Quiz/projet/vendor/laravel/framework/src/Illuminate/Foundation/Configuration/ApplicationBuilder.php(260): Illuminate/Routing/RouteRegistrar->group('C://Users//andre//...')
#4 C:/Users/andre/Documents/S4/Qualité/TP/Jeu_Quiz/projet/vendor/laravel/framework/src/Illuminate/Container/BoundMethod.php(36): Illuminate/Foundation/Configuration/ApplicationBuilder->{closure:Illuminate/Foundation/Configuration/ApplicationBuilder::buildRoutingCallback():209}()
#5 C:/Users/andre/Documents/S4/Qualité/TP/Jeu_Quiz/projet/vendor/laravel/framework/src/Illuminate/Container/Util.php(43): Illuminate/Container/BoundMethod::{closure:Illuminate/Container/BoundMethod::call():35}()
#6 C:/Users/andre/Documents/S4/Qualité/TP/Jeu_Quiz/projet/vendor/laravel/framework/src/Illuminate/Container/BoundMethod.php(84): Illuminate/Container/Util::unwrapIfClosure(Object(Closure))
#7 C:/Users/andre/Documents/S4/Qualité/TP/Jeu_Quiz/projet/vendor/laravel/framework/src/Illuminate/Container/BoundMethod.php(35): Illuminate/Container/BoundMethod::callBoundMethod(Object(Illuminate/Foundation/Application), Object(Closure), Object(Closure))
#8 C:/Users/andre/Documents/S4/Qualité/TP/Jeu_Quiz/projet/vendor/laravel/framework/src/Illuminate/Container/Container.php(799): Illuminate/Container/BoundMethod::call(Object(Illuminate/Foundation/Application), Object(Closure), Array, NULL)
#9 C:/Users/andre/Documents/S4/Qualité/TP/Jeu_Quiz/projet/vendor/laravel/framework/src/Illuminate/Foundation/Support/Providers/RouteServiceProvider.php(162): Illuminate/Container/Container->call(Object(Closure))
#10 C:/Users/andre/Documents/S4/Qualité/TP/Jeu_Quiz/projet/vendor/laravel/framework/src/Illuminate/Foundation/Support/Providers/RouteServiceProvider.php(59): Illuminate/Foundation/Support/Providers/RouteServiceProvider->loadRoutes()
#11 C:/Users/andre/Documents/S4/Qualité/TP/Jeu_Quiz/projet/vendor/laravel/framework/src/Illuminate/Container/BoundMethod.php(36): Illuminate/Foundation/Support/Providers/RouteServiceProvider->{closure:Illuminate/Foundation/Support/Providers/RouteServiceProvider::register():53}()
#12 C:/Users/andre/Documents/S4/Qualité/TP/Jeu_Quiz/projet/vendor/laravel/framework/src/Illuminate/Container/Util.php(43): Illuminate/Container/BoundMethod::{closure:Illuminate/Container/BoundMethod::call():35}()
#13 C:/Users/andre/Documents/S4/Qualité/TP/Jeu_Quiz/projet/vendor/laravel/framework/src/Illuminate/Container/BoundMethod.php(84): Illuminate/Container/Util::unwrapIfClosure(Object(Closure))
#14 C:/Users/andre/Documents/S4/Qualité/TP/Jeu_Quiz/projet/vendor/laravel/framework/src/Illuminate/Container/BoundMethod.php(35): Illuminate/Container/BoundMethod::callBoundMethod(Object(Illuminate/Foundation/Application), Object(Closure), Object(Closure))
#15 C:/Users/andre/Documents/S4/Qualité/TP/Jeu_Quiz/projet/vendor/laravel/framework/src/Illuminate/Container/Container.php(799): Illuminate/Container/BoundMethod::call(Object(Illuminate/Foundation/Application), Object(Closure), Array, NULL)
#16 C:/Users/andre/Documents/S4/Qualité/TP/Jeu_Quiz/projet/vendor/laravel/framework/src/Illuminate/Support/ServiceProvider.php(150): Illuminate/Container/Container->call(Object(Closure))
#17 C:/Users/andre/Documents/S4/Qualité/TP/Jeu_Quiz/projet/vendor/laravel/framework/src/Illuminate/Foundation/Application.php(1154): Illuminate/Support/ServiceProvider->callBootedCallbacks()
#18 C:/Users/andre/Documents/S4/Qualité/TP/Jeu_Quiz/projet/vendor/laravel/framework/src/Illuminate/Foundation/Application.php(1132): Illuminate/Foundation/Application->bootProvider(Object(Illuminate/Foundation/Support/Providers/RouteServiceProvider))
#19 [internal function]: Illuminate/Foundation/Application->{closure:Illuminate/Foundation/Application::boot():1131}(Object(Illuminate/Foundation/Support/Providers/RouteServiceProvider), 'Illuminate//Foun...')
#20 C:/Users/andre/Documents/S4/Qualité/TP/Jeu_Quiz/projet/vendor/laravel/framework/src/Illuminate/Foundation/Application.php(1131): array_walk(Array, Object(Closure))
#21 C:/Users/andre/Documents/S4/Qualité/TP/Jeu_Quiz/projet/vendor/laravel/framework/src/Illuminate/Foundation/Bootstrap/BootProviders.php(17): Illuminate/Foundation/Application->boot()
#22 C:/Users/andre/Documents/S4/Qualité/TP/Jeu_Quiz/projet/vendor/laravel/framework/src/Illuminate/Foundation/Application.php(342): Illuminate/Foundation/Bootstrap/BootProviders->bootstrap(Object(Illuminate/Foundation/Application))
#23 C:/Users/andre/Documents/S4/Qualité/TP/Jeu_Quiz/projet/vendor/laravel/framework/src/Illuminate/Foundation/Console/Kernel.php(494): Illuminate/Foundation/Application->bootstrapWith(Array)
#24 C:/Users/andre/Documents/S4/Qualité/TP/Jeu_Quiz/projet/vendor/laravel/framework/src/Illuminate/Foundation/Console/Kernel.php(196): Illuminate/Foundation/Console/Kernel->bootstrap()
#25 C:/Users/andre/Documents/S4/Qualité/TP/Jeu_Quiz/projet/vendor/laravel/framework/src/Illuminate/Foundation/Application.php(1235): Illuminate/Foundation/Console/Kernel->handle(Object(Symfony/Component/Console/Input/ArgvInput), Object(Symfony/Component/Console/Output/ConsoleOutput))
#26 C:/Users/andre/Documents/S4/Qualité/TP/Jeu_Quiz/projet/artisan(16): Illuminate/Foundation/Application->handleCommand(Object(Symfony/Component/Console/Input/ArgvInput))
#27 {main}
"} 
[2026-05-03 08:12:55] local.ERROR: syntax error, unexpected end of file {"exception":"[object] (ParseError(code: 0): syntax error, unexpected end of file at C:/Users/andre/Documents/S4/Qualité/TP/Jeu_Quiz/projet/routes/web.php:6)
[stacktrace]
#0 C:/Users/andre/Documents/S4/Qualité/TP/Jeu_Quiz/projet/vendor/laravel/framework/src/Illuminate/Routing/Router.php(526): Illuminate/Routing/RouteFileRegistrar->register('C://Users//andre//...')
#1 C:/Users/andre/Documents/S4/Qualité/TP/Jeu_Quiz/projet/vendor/laravel/framework/src/Illuminate/Routing/Router.php(480): Illuminate/Routing/Router->loadRoutes('C://Users//andre//...')
#2 C:/Users/andre/Documents/S4/Qualité/TP/Jeu_Quiz/projet/vendor/laravel/framework/src/Illuminate/Routing/RouteRegistrar.php(212): Illuminate/Routing/Router->group(Array, 'C://Users//andre//...')
#3 C:/Users/andre/Documents/S4/Qualité/TP/Jeu_Quiz/projet/vendor/laravel/framework/src/Illuminate/Foundation/Configuration/ApplicationBuilder.php(260): Illuminate/Routing/RouteRegistrar->group('C://Users//andre//...')
#4 C:/Users/andre/Documents/S4/Qualité/TP/Jeu_Quiz/projet/vendor/laravel/framework/src/Illuminate/Container/BoundMethod.php(36): Illuminate/Foundation/Configuration/ApplicationBuilder->{closure:Illuminate/Foundation/Configuration/ApplicationBuilder::buildRoutingCallback():209}()
#5 C:/Users/andre/Documents/S4/Qualité/TP/Jeu_Quiz/projet/vendor/laravel/framework/src/Illuminate/Container/Util.php(43): Illuminate/Container/BoundMethod::{closure:Illuminate/Container/BoundMethod::call():35}()
#6 C:/Users/andre/Documents/S4/Qualité/TP/Jeu_Quiz/projet/vendor/laravel/framework/src/Illuminate/Container/BoundMethod.php(84): Illuminate/Container/Util::unwrapIfClosure(Object(Closure))
#7 C:/Users/andre/Documents/S4/Qualité/TP/Jeu_Quiz/projet/vendor/laravel/framework/src/Illuminate/Container/BoundMethod.php(35): Illuminate/Container/BoundMethod::callBoundMethod(Object(Illuminate/Foundation/Application), Object(Closure), Object(Closure))
#8 C:/Users/andre/Documents/S4/Qualité/TP/Jeu_Quiz/projet/vendor/laravel/framework/src/Illuminate/Container/Container.php(799): Illuminate/Container/BoundMethod::call(Object(Illuminate/Foundation/Application), Object(Closure), Array, NULL)
#9 C:/Users/andre/Documents/S4/Qualité/TP/Jeu_Quiz/projet/vendor/laravel/framework/src/Illuminate/Foundation/Support/Providers/RouteServiceProvider.php(162): Illuminate/Container/Container->call(Object(Closure))
#10 C:/Users/andre/Documents/S4/Qualité/TP/Jeu_Quiz/projet/vendor/laravel/framework/src/Illuminate/Foundation/Support/Providers/RouteServiceProvider.php(59): Illuminate/Foundation/Support/Providers/RouteServiceProvider->loadRoutes()
#11 C:/Users/andre/Documents/S4/Qualité/TP/Jeu_Quiz/projet/vendor/laravel/framework/src/Illuminate/Container/BoundMethod.php(36): Illuminate/Foundation/Support/Providers/RouteServiceProvider->{closure:Illuminate/Foundation/Support/Providers/RouteServiceProvider::register():53}()
#12 C:/Users/andre/Documents/S4/Qualité/TP/Jeu_Quiz/projet/vendor/laravel/framework/src/Illuminate/Container/Util.php(43): Illuminate/Container/BoundMethod::{closure:Illuminate/Container/BoundMethod::call():35}()
#13 C:/Users/andre/Documents/S4/Qualité/TP/Jeu_Quiz/projet/vendor/laravel/framework/src/Illuminate/Container/BoundMethod.php(84): Illuminate/Container/Util::unwrapIfClosure(Object(Closure))
#14 C:/Users/andre/Documents/S4/Qualité/TP/Jeu_Quiz/projet/vendor/laravel/framework/src/Illuminate/Container/BoundMethod.php(35): Illuminate/Container/BoundMethod::callBoundMethod(Object(Illuminate/Foundation/Application), Object(Closure), Object(Closure))
#15 C:/Users/andre/Documents/S4/Qualité/TP/Jeu_Quiz/projet/vendor/laravel/framework/src/Illuminate/Container/Container.php(799): Illuminate/Container/BoundMethod::call(Object(Illuminate/Foundation/Application), Object(Closure), Array, NULL)
#16 C:/Users/andre/Documents/S4/Qualité/TP/Jeu_Quiz/projet/vendor/laravel/framework/src/Illuminate/Support/ServiceProvider.php(150): Illuminate/Container/Container->call(Object(Closure))
#17 C:/Users/andre/Documents/S4/Qualité/TP/Jeu_Quiz/projet/vendor/laravel/framework/src/Illuminate/Foundation/Application.php(1154): Illuminate/Support/ServiceProvider->callBootedCallbacks()
#18 C:/Users/andre/Documents/S4/Qualité/TP/Jeu_Quiz/projet/vendor/laravel/framework/src/Illuminate/Foundation/Application.php(1132): Illuminate/Foundation/Application->bootProvider(Object(Illuminate/Foundation/Support/Providers/RouteServiceProvider))
#19 [internal function]: Illuminate/Foundation/Application->{closure:Illuminate/Foundation/Application::boot():1131}(Object(Illuminate/Foundation/Support/Providers/RouteServiceProvider), 'Illuminate//Foun...')
#20 C:/Users/andre/Documents/S4/Qualité/TP/Jeu_Quiz/projet/vendor/laravel/framework/src/Illuminate/Foundation/Application.php(1131): array_walk(Array, Object(Closure))
#21 C:/Users/andre/Documents/S4/Qualité/TP/Jeu_Quiz/projet/vendor/laravel/framework/src/Illuminate/Foundation/Bootstrap/BootProviders.php(17): Illuminate/Foundation/Application->boot()
#22 C:/Users/andre/Documents/S4/Qualité/TP/Jeu_Quiz/projet/vendor/laravel/framework/src/Illuminate/Foundation/Application.php(342): Illuminate/Foundation/Bootstrap/BootProviders->bootstrap(Object(Illuminate/Foundation/Application))
#23 C:/Users/andre/Documents/S4/Qualité/TP/Jeu_Quiz/projet/vendor/laravel/framework/src/Illuminate/Foundation/Http/Kernel.php(186): Illuminate/Foundation/Application->bootstrapWith(Array)
#24 C:/Users/andre/Documents/S4/Qualité/TP/Jeu_Quiz/projet/vendor/laravel/framework/src/Illuminate/Foundation/Http/Kernel.php(170): Illuminate/Foundation/Http/Kernel->bootstrap()
#25 C:/Users/andre/Documents/S4/Qualité/TP/Jeu_Quiz/projet/vendor/laravel/framework/src/Illuminate/Foundation/Http/Kernel.php(144): Illuminate/Foundation/Http/Kernel->sendRequestThroughRouter(Object(Illuminate/Http/Request))
#26 C:/Users/andre/Documents/S4/Qualité/TP/Jeu_Quiz/projet/vendor/laravel/framework/src/Illuminate/Foundation/Application.php(1220): Illuminate/Foundation/Http/Kernel->handle(Object(Illuminate/Http/Request))
#27 C:/Users/andre/Documents/S4/Qualité/TP/Jeu_Quiz/projet/public/index.php(20): Illuminate/Foundation/Application->handleRequest(Object(Illuminate/Http/Request))
#28 C:/Users/andre/Documents/S4/Qualité/TP/Jeu_Quiz/projet/vendor/laravel/framework/src/Illuminate/Foundation/resources/server.php(23): require_once('C://Users//andre//...')
#29 {main}
"} 
[2026-05-03 08:12:56] local.ERROR: syntax error, unexpected end of file {"exception":"[object] (ParseError(code: 0): syntax error, unexpected end of file at C:/Users/andre/Documents/S4/Qualité/TP/Jeu_Quiz/projet/routes/web.php:6)
[stacktrace]
#0 C:/Users/andre/Documents/S4/Qualité/TP/Jeu_Quiz/projet/vendor/laravel/framework/src/Illuminate/Routing/Router.php(526): Illuminate/Routing/RouteFileRegistrar->register('C://Users//andre//...')
#1 C:/Users/andre/Documents/S4/Qualité/TP/Jeu_Quiz/projet/vendor/laravel/framework/src/Illuminate/Routing/Router.php(480): Illuminate/Routing/Router->loadRoutes('C://Users//andre//...')
#2 C:/Users/andre/Documents/S4/Qualité/TP/Jeu_Quiz/projet/vendor/laravel/framework/src/Illuminate/Routing/RouteRegistrar.php(212): Illuminate/Routing/Router->group(Array, 'C://Users//andre//...')
#3 C:/Users/andre/Documents/S4/Qualité/TP/Jeu_Quiz/projet/vendor/laravel/framework/src/Illuminate/Foundation/Configuration/ApplicationBuilder.php(260): Illuminate/Routing/RouteRegistrar->group('C://Users//andre//...')
#4 C:/Users/andre/Documents/S4/Qualité/TP/Jeu_Quiz/projet/vendor/laravel/framework/src/Illuminate/Container/BoundMethod.php(36): Illuminate/Foundation/Configuration/ApplicationBuilder->{closure:Illuminate/Foundation/Configuration/ApplicationBuilder::buildRoutingCallback():209}()
#5 C:/Users/andre/Documents/S4/Qualité/TP/Jeu_Quiz/projet/vendor/laravel/framework/src/Illuminate/Container/Util.php(43): Illuminate/Container/BoundMethod::{closure:Illuminate/Container/BoundMethod::call():35}()
#6 C:/Users/andre/Documents/S4/Qualité/TP/Jeu_Quiz/projet/vendor/laravel/framework/src/Illuminate/Container/BoundMethod.php(84): Illuminate/Container/Util::unwrapIfClosure(Object(Closure))
#7 C:/Users/andre/Documents/S4/Qualité/TP/Jeu_Quiz/projet/vendor/laravel/framework/src/Illuminate/Container/BoundMethod.php(35): Illuminate/Container/BoundMethod::callBoundMethod(Object(Illuminate/Foundation/Application), Object(Closure), Object(Closure))
#8 C:/Users/andre/Documents/S4/Qualité/TP/Jeu_Quiz/projet/vendor/laravel/framework/src/Illuminate/Container/Container.php(799): Illuminate/Container/BoundMethod::call(Object(Illuminate/Foundation/Application), Object(Closure), Array, NULL)
#9 C:/Users/andre/Documents/S4/Qualité/TP/Jeu_Quiz/projet/vendor/laravel/framework/src/Illuminate/Foundation/Support/Providers/RouteServiceProvider.php(162): Illuminate/Container/Container->call(Object(Closure))
#10 C:/Users/andre/Documents/S4/Qualité/TP/Jeu_Quiz/projet/vendor/laravel/framework/src/Illuminate/Foundation/Support/Providers/RouteServiceProvider.php(59): Illuminate/Foundation/Support/Providers/RouteServiceProvider->loadRoutes()
#11 C:/Users/andre/Documents/S4/Qualité/TP/Jeu_Quiz/projet/vendor/laravel/framework/src/Illuminate/Container/BoundMethod.php(36): Illuminate/Foundation/Support/Providers/RouteServiceProvider->{closure:Illuminate/Foundation/Support/Providers/RouteServiceProvider::register():53}()
#12 C:/Users/andre/Documents/S4/Qualité/TP/Jeu_Quiz/projet/vendor/laravel/framework/src/Illuminate/Container/Util.php(43): Illuminate/Container/BoundMethod::{closure:Illuminate/Container/BoundMethod::call():35}()
#13 C:/Users/andre/Documents/S4/Qualité/TP/Jeu_Quiz/projet/vendor/laravel/framework/src/Illuminate/Container/BoundMethod.php(84): Illuminate/Container/Util::unwrapIfClosure(Object(Closure))
#14 C:/Users/andre/Documents/S4/Qualité/TP/Jeu_Quiz/projet/vendor/laravel/framework/src/Illuminate/Container/BoundMethod.php(35): Illuminate/Container/BoundMethod::callBoundMethod(Object(Illuminate/Foundation/Application), Object(Closure), Object(Closure))
#15 C:/Users/andre/Documents/S4/Qualité/TP/Jeu_Quiz/projet/vendor/laravel/framework/src/Illuminate/Container/Container.php(799): Illuminate/Container/BoundMethod::call(Object(Illuminate/Foundation/Application), Object(Closure), Array, NULL)
#16 C:/Users/andre/Documents/S4/Qualité/TP/Jeu_Quiz/projet/vendor/laravel/framework/src/Illuminate/Support/ServiceProvider.php(150): Illuminate/Container/Container->call(Object(Closure))
#17 C:/Users/andre/Documents/S4/Qualité/TP/Jeu_Quiz/projet/vendor/laravel/framework/src/Illuminate/Foundation/Application.php(1154): Illuminate/Support/ServiceProvider->callBootedCallbacks()
#18 C:/Users/andre/Documents/S4/Qualité/TP/Jeu_Quiz/projet/vendor/laravel/framework/src/Illuminate/Foundation/Application.php(1132): Illuminate/Foundation/Application->bootProvider(Object(Illuminate/Foundation/Support/Providers/RouteServiceProvider))
#19 [internal function]: Illuminate/Foundation/Application->{closure:Illuminate/Foundation/Application::boot():1131}(Object(Illuminate/Foundation/Support/Providers/RouteServiceProvider), 'Illuminate//Foun...')
#20 C:/Users/andre/Documents/S4/Qualité/TP/Jeu_Quiz/projet/vendor/laravel/framework/src/Illuminate/Foundation/Application.php(1131): array_walk(Array, Object(Closure))
#21 C:/Users/andre/Documents/S4/Qualité/TP/Jeu_Quiz/projet/vendor/laravel/framework/src/Illuminate/Foundation/Bootstrap/BootProviders.php(17): Illuminate/Foundation/Application->boot()
#22 C:/Users/andre/Documents/S4/Qualité/TP/Jeu_Quiz/projet/vendor/laravel/framework/src/Illuminate/Foundation/Application.php(342): Illuminate/Foundation/Bootstrap/BootProviders->bootstrap(Object(Illuminate/Foundation/Application))
#23 C:/Users/andre/Documents/S4/Qualité/TP/Jeu_Quiz/projet/vendor/laravel/framework/src/Illuminate/Foundation/Http/Kernel.php(186): Illuminate/Foundation/Application->bootstrapWith(Array)
#24 C:/Users/andre/Documents/S4/Qualité/TP/Jeu_Quiz/projet/vendor/laravel/framework/src/Illuminate/Foundation/Http/Kernel.php(170): Illuminate/Foundation/Http/Kernel->bootstrap()
#25 C:/Users/andre/Documents/S4/Qualité/TP/Jeu_Quiz/projet/vendor/laravel/framework/src/Illuminate/Foundation/Http/Kernel.php(144): Illuminate/Foundation/Http/Kernel->sendRequestThroughRouter(Object(Illuminate/Http/Request))
#26 C:/Users/andre/Documents/S4/Qualité/TP/Jeu_Quiz/projet/vendor/laravel/framework/src/Illuminate/Foundation/Application.php(1220): Illuminate/Foundation/Http/Kernel->handle(Object(Illuminate/Http/Request))
#27 C:/Users/andre/Documents/S4/Qualité/TP/Jeu_Quiz/projet/public/index.php(20): Illuminate/Foundation/Application->handleRequest(Object(Illuminate/Http/Request))
#28 C:/Users/andre/Documents/S4/Qualité/TP/Jeu_Quiz/projet/vendor/laravel/framework/src/Illuminate/Foundation/resources/server.php(23): require_once('C://Users//andre//...')
#29 {main}
"} 
[2026-05-03 08:12:56] local.ERROR: syntax error, unexpected end of file {"exception":"[object] (ParseError(code: 0): syntax error, unexpected end of file at C:/Users/andre/Documents/S4/Qualité/TP/Jeu_Quiz/projet/routes/web.php:6)
[stacktrace]
#0 C:/Users/andre/Documents/S4/Qualité/TP/Jeu_Quiz/projet/vendor/laravel/framework/src/Illuminate/Routing/Router.php(526): Illuminate/Routing/RouteFileRegistrar->register('C://Users//andre//...')
#1 C:/Users/andre/Documents/S4/Qualité/TP/Jeu_Quiz/projet/vendor/laravel/framework/src/Illuminate/Routing/Router.php(480): Illuminate/Routing/Router->loadRoutes('C://Users//andre//...')
#2 C:/Users/andre/Documents/S4/Qualité/TP/Jeu_Quiz/projet/vendor/laravel/framework/src/Illuminate/Routing/RouteRegistrar.php(212): Illuminate/Routing/Router->group(Array, 'C://Users//andre//...')
#3 C:/Users/andre/Documents/S4/Qualité/TP/Jeu_Quiz/projet/vendor/laravel/framework/src/Illuminate/Foundation/Configuration/ApplicationBuilder.php(260): Illuminate/Routing/RouteRegistrar->group('C://Users//andre//...')
#4 C:/Users/andre/Documents/S4/Qualité/TP/Jeu_Quiz/projet/vendor/laravel/framework/src/Illuminate/Container/BoundMethod.php(36): Illuminate/Foundation/Configuration/ApplicationBuilder->{closure:Illuminate/Foundation/Configuration/ApplicationBuilder::buildRoutingCallback():209}()
#5 C:/Users/andre/Documents/S4/Qualité/TP/Jeu_Quiz/projet/vendor/laravel/framework/src/Illuminate/Container/Util.php(43): Illuminate/Container/BoundMethod::{closure:Illuminate/Container/BoundMethod::call():35}()
#6 C:/Users/andre/Documents/S4/Qualité/TP/Jeu_Quiz/projet/vendor/laravel/framework/src/Illuminate/Container/BoundMethod.php(84): Illuminate/Container/Util::unwrapIfClosure(Object(Closure))
#7 C:/Users/andre/Documents/S4/Qualité/TP/Jeu_Quiz/projet/vendor/laravel/framework/src/Illuminate/Container/BoundMethod.php(35): Illuminate/Container/BoundMethod::callBoundMethod(Object(Illuminate/Foundation/Application), Object(Closure), Object(Closure))
#8 C:/Users/andre/Documents/S4/Qualité/TP/Jeu_Quiz/projet/vendor/laravel/framework/src/Illuminate/Container/Container.php(799): Illuminate/Container/BoundMethod::call(Object(Illuminate/Foundation/Application), Object(Closure), Array, NULL)
#9 C:/Users/andre/Documents/S4/Qualité/TP/Jeu_Quiz/projet/vendor/laravel/framework/src/Illuminate/Foundation/Support/Providers/RouteServiceProvider.php(162): Illuminate/Container/Container->call(Object(Closure))
#10 C:/Users/andre/Documents/S4/Qualité/TP/Jeu_Quiz/projet/vendor/laravel/framework/src/Illuminate/Foundation/Support/Providers/RouteServiceProvider.php(59): Illuminate/Foundation/Support/Providers/RouteServiceProvider->loadRoutes()
#11 C:/Users/andre/Documents/S4/Qualité/TP/Jeu_Quiz/projet/vendor/laravel/framework/src/Illuminate/Container/BoundMethod.php(36): Illuminate/Foundation/Support/Providers/RouteServiceProvider->{closure:Illuminate/Foundation/Support/Providers/RouteServiceProvider::register():53}()
#12 C:/Users/andre/Documents/S4/Qualité/TP/Jeu_Quiz/projet/vendor/laravel/framework/src/Illuminate/Container/Util.php(43): Illuminate/Container/BoundMethod::{closure:Illuminate/Container/BoundMethod::call():35}()
#13 C:/Users/andre/Documents/S4/Qualité/TP/Jeu_Quiz/projet/vendor/laravel/framework/src/Illuminate/Container/BoundMethod.php(84): Illuminate/Container/Util::unwrapIfClosure(Object(Closure))
#14 C:/Users/andre/Documents/S4/Qualité/TP/Jeu_Quiz/projet/vendor/laravel/framework/src/Illuminate/Container/BoundMethod.php(35): Illuminate/Container/BoundMethod::callBoundMethod(Object(Illuminate/Foundation/Application), Object(Closure), Object(Closure))
#15 C:/Users/andre/Documents/S4/Qualité/TP/Jeu_Quiz/projet/vendor/laravel/framework/src/Illuminate/Container/Container.php(799): Illuminate/Container/BoundMethod::call(Object(Illuminate/Foundation/Application), Object(Closure), Array, NULL)
#16 C:/Users/andre/Documents/S4/Qualité/TP/Jeu_Quiz/projet/vendor/laravel/framework/src/Illuminate/Support/ServiceProvider.php(150): Illuminate/Container/Container->call(Object(Closure))
#17 C:/Users/andre/Documents/S4/Qualité/TP/Jeu_Quiz/projet/vendor/laravel/framework/src/Illuminate/Foundation/Application.php(1154): Illuminate/Support/ServiceProvider->callBootedCallbacks()
#18 C:/Users/andre/Documents/S4/Qualité/TP/Jeu_Quiz/projet/vendor/laravel/framework/src/Illuminate/Foundation/Application.php(1132): Illuminate/Foundation/Application->bootProvider(Object(Illuminate/Foundation/Support/Providers/RouteServiceProvider))
#19 [internal function]: Illuminate/Foundation/Application->{closure:Illuminate/Foundation/Application::boot():1131}(Object(Illuminate/Foundation/Support/Providers/RouteServiceProvider), 'Illuminate//Foun...')
#20 C:/Users/andre/Documents/S4/Qualité/TP/Jeu_Quiz/projet/vendor/laravel/framework/src/Illuminate/Foundation/Application.php(1131): array_walk(Array, Object(Closure))
#21 C:/Users/andre/Documents/S4/Qualité/TP/Jeu_Quiz/projet/vendor/laravel/framework/src/Illuminate/Foundation/Bootstrap/BootProviders.php(17): Illuminate/Foundation/Application->boot()
#22 C:/Users/andre/Documents/S4/Qualité/TP/Jeu_Quiz/projet/vendor/laravel/framework/src/Illuminate/Foundation/Application.php(342): Illuminate/Foundation/Bootstrap/BootProviders->bootstrap(Object(Illuminate/Foundation/Application))
#23 C:/Users/andre/Documents/S4/Qualité/TP/Jeu_Quiz/projet/vendor/laravel/framework/src/Illuminate/Foundation/Console/Kernel.php(494): Illuminate/Foundation/Application->bootstrapWith(Array)
#24 C:/Users/andre/Documents/S4/Qualité/TP/Jeu_Quiz/projet/vendor/laravel/framework/src/Illuminate/Foundation/Console/Kernel.php(196): Illuminate/Foundation/Console/Kernel->bootstrap()
#25 C:/Users/andre/Documents/S4/Qualité/TP/Jeu_Quiz/projet/vendor/laravel/framework/src/Illuminate/Foundation/Application.php(1235): Illuminate/Foundation/Console/Kernel->handle(Object(Symfony/Component/Console/Input/ArgvInput), Object(Symfony/Component/Console/Output/ConsoleOutput))
#26 C:/Users/andre/Documents/S4/Qualité/TP/Jeu_Quiz/projet/artisan(16): Illuminate/Foundation/Application->handleCommand(Object(Symfony/Component/Console/Input/ArgvInput))
#27 {main}
"} 
[2026-05-03 08:12:57] local.ERROR: syntax error, unexpected end of file {"exception":"[object] (ParseError(code: 0): syntax error, unexpected end of file at C:/Users/andre/Documents/S4/Qualité/TP/Jeu_Quiz/projet/routes/web.php:6)
[stacktrace]
#0 C:/Users/andre/Documents/S4/Qualité/TP/Jeu_Quiz/projet/vendor/laravel/framework/src/Illuminate/Routing/Router.php(526): Illuminate/Routing/RouteFileRegistrar->register('C://Users//andre//...')
#1 C:/Users/andre/Documents/S4/Qualité/TP/Jeu_Quiz/projet/vendor/laravel/framework/src/Illuminate/Routing/Router.php(480): Illuminate/Routing/Router->loadRoutes('C://Users//andre//...')
#2 C:/Users/andre/Documents/S4/Qualité/TP/Jeu_Quiz/projet/vendor/laravel/framework/src/Illuminate/Routing/RouteRegistrar.php(212): Illuminate/Routing/Router->group(Array, 'C://Users//andre//...')
#3 C:/Users/andre/Documents/S4/Qualité/TP/Jeu_Quiz/projet/vendor/laravel/framework/src/Illuminate/Foundation/Configuration/ApplicationBuilder.php(260): Illuminate/Routing/RouteRegistrar->group('C://Users//andre//...')
#4 C:/Users/andre/Documents/S4/Qualité/TP/Jeu_Quiz/projet/vendor/laravel/framework/src/Illuminate/Container/BoundMethod.php(36): Illuminate/Foundation/Configuration/ApplicationBuilder->{closure:Illuminate/Foundation/Configuration/ApplicationBuilder::buildRoutingCallback():209}()
#5 C:/Users/andre/Documents/S4/Qualité/TP/Jeu_Quiz/projet/vendor/laravel/framework/src/Illuminate/Container/Util.php(43): Illuminate/Container/BoundMethod::{closure:Illuminate/Container/BoundMethod::call():35}()
#6 C:/Users/andre/Documents/S4/Qualité/TP/Jeu_Quiz/projet/vendor/laravel/framework/src/Illuminate/Container/BoundMethod.php(84): Illuminate/Container/Util::unwrapIfClosure(Object(Closure))
#7 C:/Users/andre/Documents/S4/Qualité/TP/Jeu_Quiz/projet/vendor/laravel/framework/src/Illuminate/Container/BoundMethod.php(35): Illuminate/Container/BoundMethod::callBoundMethod(Object(Illuminate/Foundation/Application), Object(Closure), Object(Closure))
#8 C:/Users/andre/Documents/S4/Qualité/TP/Jeu_Quiz/projet/vendor/laravel/framework/src/Illuminate/Container/Container.php(799): Illuminate/Container/BoundMethod::call(Object(Illuminate/Foundation/Application), Object(Closure), Array, NULL)
#9 C:/Users/andre/Documents/S4/Qualité/TP/Jeu_Quiz/projet/vendor/laravel/framework/src/Illuminate/Foundation/Support/Providers/RouteServiceProvider.php(162): Illuminate/Container/Container->call(Object(Closure))
#10 C:/Users/andre/Documents/S4/Qualité/TP/Jeu_Quiz/projet/vendor/laravel/framework/src/Illuminate/Foundation/Support/Providers/RouteServiceProvider.php(59): Illuminate/Foundation/Support/Providers/RouteServiceProvider->loadRoutes()
#11 C:/Users/andre/Documents/S4/Qualité/TP/Jeu_Quiz/projet/vendor/laravel/framework/src/Illuminate/Container/BoundMethod.php(36): Illuminate/Foundation/Support/Providers/RouteServiceProvider->{closure:Illuminate/Foundation/Support/Providers/RouteServiceProvider::register():53}()
#12 C:/Users/andre/Documents/S4/Qualité/TP/Jeu_Quiz/projet/vendor/laravel/framework/src/Illuminate/Container/Util.php(43): Illuminate/Container/BoundMethod::{closure:Illuminate/Container/BoundMethod::call():35}()
#13 C:/Users/andre/Documents/S4/Qualité/TP/Jeu_Quiz/projet/vendor/laravel/framework/src/Illuminate/Container/BoundMethod.php(84): Illuminate/Container/Util::unwrapIfClosure(Object(Closure))
#14 C:/Users/andre/Documents/S4/Qualité/TP/Jeu_Quiz/projet/vendor/laravel/framework/src/Illuminate/Container/BoundMethod.php(35): Illuminate/Container/BoundMethod::callBoundMethod(Object(Illuminate/Foundation/Application), Object(Closure), Object(Closure))
#15 C:/Users/andre/Documents/S4/Qualité/TP/Jeu_Quiz/projet/vendor/laravel/framework/src/Illuminate/Container/Container.php(799): Illuminate/Container/BoundMethod::call(Object(Illuminate/Foundation/Application), Object(Closure), Array, NULL)
#16 C:/Users/andre/Documents/S4/Qualité/TP/Jeu_Quiz/projet/vendor/laravel/framework/src/Illuminate/Support/ServiceProvider.php(150): Illuminate/Container/Container->call(Object(Closure))
#17 C:/Users/andre/Documents/S4/Qualité/TP/Jeu_Quiz/projet/vendor/laravel/framework/src/Illuminate/Foundation/Application.php(1154): Illuminate/Support/ServiceProvider->callBootedCallbacks()
#18 C:/Users/andre/Documents/S4/Qualité/TP/Jeu_Quiz/projet/vendor/laravel/framework/src/Illuminate/Foundation/Application.php(1132): Illuminate/Foundation/Application->bootProvider(Object(Illuminate/Foundation/Support/Providers/RouteServiceProvider))
#19 [internal function]: Illuminate/Foundation/Application->{closure:Illuminate/Foundation/Application::boot():1131}(Object(Illuminate/Foundation/Support/Providers/RouteServiceProvider), 'Illuminate//Foun...')
#20 C:/Users/andre/Documents/S4/Qualité/TP/Jeu_Quiz/projet/vendor/laravel/framework/src/Illuminate/Foundation/Application.php(1131): array_walk(Array, Object(Closure))
#21 C:/Users/andre/Documents/S4/Qualité/TP/Jeu_Quiz/projet/vendor/laravel/framework/src/Illuminate/Foundation/Bootstrap/BootProviders.php(17): Illuminate/Foundation/Application->boot()
#22 C:/Users/andre/Documents/S4/Qualité/TP/Jeu_Quiz/projet/vendor/laravel/framework/src/Illuminate/Foundation/Application.php(342): Illuminate/Foundation/Bootstrap/BootProviders->bootstrap(Object(Illuminate/Foundation/Application))
#23 C:/Users/andre/Documents/S4/Qualité/TP/Jeu_Quiz/projet/vendor/laravel/framework/src/Illuminate/Foundation/Http/Kernel.php(186): Illuminate/Foundation/Application->bootstrapWith(Array)
#24 C:/Users/andre/Documents/S4/Qualité/TP/Jeu_Quiz/projet/vendor/laravel/framework/src/Illuminate/Foundation/Http/Kernel.php(170): Illuminate/Foundation/Http/Kernel->bootstrap()
#25 C:/Users/andre/Documents/S4/Qualité/TP/Jeu_Quiz/projet/vendor/laravel/framework/src/Illuminate/Foundation/Http/Kernel.php(144): Illuminate/Foundation/Http/Kernel->sendRequestThroughRouter(Object(Illuminate/Http/Request))
#26 C:/Users/andre/Documents/S4/Qualité/TP/Jeu_Quiz/projet/vendor/laravel/framework/src/Illuminate/Foundation/Application.php(1220): Illuminate/Foundation/Http/Kernel->handle(Object(Illuminate/Http/Request))
#27 C:/Users/andre/Documents/S4/Qualité/TP/Jeu_Quiz/projet/public/index.php(20): Illuminate/Foundation/Application->handleRequest(Object(Illuminate/Http/Request))
#28 C:/Users/andre/Documents/S4/Qualité/TP/Jeu_Quiz/projet/vendor/laravel/framework/src/Illuminate/Foundation/resources/server.php(23): require_once('C://Users//andre//...')
#29 {main}
"} 
[2026-05-03 08:12:58] local.ERROR: syntax error, unexpected end of file {"exception":"[object] (ParseError(code: 0): syntax error, unexpected end of file at C:/Users/andre/Documents/S4/Qualité/TP/Jeu_Quiz/projet/routes/web.php:6)
[stacktrace]
#0 C:/Users/andre/Documents/S4/Qualité/TP/Jeu_Quiz/projet/vendor/laravel/framework/src/Illuminate/Routing/Router.php(526): Illuminate/Routing/RouteFileRegistrar->register('C://Users//andre//...')
#1 C:/Users/andre/Documents/S4/Qualité/TP/Jeu_Quiz/projet/vendor/laravel/framework/src/Illuminate/Routing/Router.php(480): Illuminate/Routing/Router->loadRoutes('C://Users//andre//...')
#2 C:/Users/andre/Documents/S4/Qualité/TP/Jeu_Quiz/projet/vendor/laravel/framework/src/Illuminate/Routing/RouteRegistrar.php(212): Illuminate/Routing/Router->group(Array, 'C://Users//andre//...')
#3 C:/Users/andre/Documents/S4/Qualité/TP/Jeu_Quiz/projet/vendor/laravel/framework/src/Illuminate/Foundation/Configuration/ApplicationBuilder.php(260): Illuminate/Routing/RouteRegistrar->group('C://Users//andre//...')
#4 C:/Users/andre/Documents/S4/Qualité/TP/Jeu_Quiz/projet/vendor/laravel/framework/src/Illuminate/Container/BoundMethod.php(36): Illuminate/Foundation/Configuration/ApplicationBuilder->{closure:Illuminate/Foundation/Configuration/ApplicationBuilder::buildRoutingCallback():209}()
#5 C:/Users/andre/Documents/S4/Qualité/TP/Jeu_Quiz/projet/vendor/laravel/framework/src/Illuminate/Container/Util.php(43): Illuminate/Container/BoundMethod::{closure:Illuminate/Container/BoundMethod::call():35}()
#6 C:/Users/andre/Documents/S4/Qualité/TP/Jeu_Quiz/projet/vendor/laravel/framework/src/Illuminate/Container/BoundMethod.php(84): Illuminate/Container/Util::unwrapIfClosure(Object(Closure))
#7 C:/Users/andre/Documents/S4/Qualité/TP/Jeu_Quiz/projet/vendor/laravel/framework/src/Illuminate/Container/BoundMethod.php(35): Illuminate/Container/BoundMethod::callBoundMethod(Object(Illuminate/Foundation/Application), Object(Closure), Object(Closure))
#8 C:/Users/andre/Documents/S4/Qualité/TP/Jeu_Quiz/projet/vendor/laravel/framework/src/Illuminate/Container/Container.php(799): Illuminate/Container/BoundMethod::call(Object(Illuminate/Foundation/Application), Object(Closure), Array, NULL)
#9 C:/Users/andre/Documents/S4/Qualité/TP/Jeu_Quiz/projet/vendor/laravel/framework/src/Illuminate/Foundation/Support/Providers/RouteServiceProvider.php(162): Illuminate/Container/Container->call(Object(Closure))
#10 C:/Users/andre/Documents/S4/Qualité/TP/Jeu_Quiz/projet/vendor/laravel/framework/src/Illuminate/Foundation/Support/Providers/RouteServiceProvider.php(59): Illuminate/Foundation/Support/Providers/RouteServiceProvider->loadRoutes()
#11 C:/Users/andre/Documents/S4/Qualité/TP/Jeu_Quiz/projet/vendor/laravel/framework/src/Illuminate/Container/BoundMethod.php(36): Illuminate/Foundation/Support/Providers/RouteServiceProvider->{closure:Illuminate/Foundation/Support/Providers/RouteServiceProvider::register():53}()
#12 C:/Users/andre/Documents/S4/Qualité/TP/Jeu_Quiz/projet/vendor/laravel/framework/src/Illuminate/Container/Util.php(43): Illuminate/Container/BoundMethod::{closure:Illuminate/Container/BoundMethod::call():35}()
#13 C:/Users/andre/Documents/S4/Qualité/TP/Jeu_Quiz/projet/vendor/laravel/framework/src/Illuminate/Container/BoundMethod.php(84): Illuminate/Container/Util::unwrapIfClosure(Object(Closure))
#14 C:/Users/andre/Documents/S4/Qualité/TP/Jeu_Quiz/projet/vendor/laravel/framework/src/Illuminate/Container/BoundMethod.php(35): Illuminate/Container/BoundMethod::callBoundMethod(Object(Illuminate/Foundation/Application), Object(Closure), Object(Closure))
#15 C:/Users/andre/Documents/S4/Qualité/TP/Jeu_Quiz/projet/vendor/laravel/framework/src/Illuminate/Container/Container.php(799): Illuminate/Container/BoundMethod::call(Object(Illuminate/Foundation/Application), Object(Closure), Array, NULL)
#16 C:/Users/andre/Documents/S4/Qualité/TP/Jeu_Quiz/projet/vendor/laravel/framework/src/Illuminate/Support/ServiceProvider.php(150): Illuminate/Container/Container->call(Object(Closure))
#17 C:/Users/andre/Documents/S4/Qualité/TP/Jeu_Quiz/projet/vendor/laravel/framework/src/Illuminate/Foundation/Application.php(1154): Illuminate/Support/ServiceProvider->callBootedCallbacks()
#18 C:/Users/andre/Documents/S4/Qualité/TP/Jeu_Quiz/projet/vendor/laravel/framework/src/Illuminate/Foundation/Application.php(1132): Illuminate/Foundation/Application->bootProvider(Object(Illuminate/Foundation/Support/Providers/RouteServiceProvider))
#19 [internal function]: Illuminate/Foundation/Application->{closure:Illuminate/Foundation/Application::boot():1131}(Object(Illuminate/Foundation/Support/Providers/RouteServiceProvider), 'Illuminate//Foun...')
#20 C:/Users/andre/Documents/S4/Qualité/TP/Jeu_Quiz/projet/vendor/laravel/framework/src/Illuminate/Foundation/Application.php(1131): array_walk(Array, Object(Closure))
#21 C:/Users/andre/Documents/S4/Qualité/TP/Jeu_Quiz/projet/vendor/laravel/framework/src/Illuminate/Foundation/Bootstrap/BootProviders.php(17): Illuminate/Foundation/Application->boot()
#22 C:/Users/andre/Documents/S4/Qualité/TP/Jeu_Quiz/projet/vendor/laravel/framework/src/Illuminate/Foundation/Application.php(342): Illuminate/Foundation/Bootstrap/BootProviders->bootstrap(Object(Illuminate/Foundation/Application))
#23 C:/Users/andre/Documents/S4/Qualité/TP/Jeu_Quiz/projet/vendor/laravel/framework/src/Illuminate/Foundation/Http/Kernel.php(186): Illuminate/Foundation/Application->bootstrapWith(Array)
#24 C:/Users/andre/Documents/S4/Qualité/TP/Jeu_Quiz/projet/vendor/laravel/framework/src/Illuminate/Foundation/Http/Kernel.php(170): Illuminate/Foundation/Http/Kernel->bootstrap()
#25 C:/Users/andre/Documents/S4/Qualité/TP/Jeu_Quiz/projet/vendor/laravel/framework/src/Illuminate/Foundation/Http/Kernel.php(144): Illuminate/Foundation/Http/Kernel->sendRequestThroughRouter(Object(Illuminate/Http/Request))
#26 C:/Users/andre/Documents/S4/Qualité/TP/Jeu_Quiz/projet/vendor/laravel/framework/src/Illuminate/Foundation/Application.php(1220): Illuminate/Foundation/Http/Kernel->handle(Object(Illuminate/Http/Request))
#27 C:/Users/andre/Documents/S4/Qualité/TP/Jeu_Quiz/projet/public/index.php(20): Illuminate/Foundation/Application->handleRequest(Object(Illuminate/Http/Request))
#28 C:/Users/andre/Documents/S4/Qualité/TP/Jeu_Quiz/projet/vendor/laravel/framework/src/Illuminate/Foundation/resources/server.php(23): require_once('C://Users//andre//...')
#29 {main}
"} 
[2026-05-03 08:12:58] local.ERROR: syntax error, unexpected end of file {"exception":"[object] (ParseError(code: 0): syntax error, unexpected end of file at C:/Users/andre/Documents/S4/Qualité/TP/Jeu_Quiz/projet/routes/web.php:6)
[stacktrace]
#0 C:/Users/andre/Documents/S4/Qualité/TP/Jeu_Quiz/projet/vendor/laravel/framework/src/Illuminate/Routing/Router.php(526): Illuminate/Routing/RouteFileRegistrar->register('C://Users//andre//...')
#1 C:/Users/andre/Documents/S4/Qualité/TP/Jeu_Quiz/projet/vendor/laravel/framework/src/Illuminate/Routing/Router.php(480): Illuminate/Routing/Router->loadRoutes('C://Users//andre//...')
#2 C:/Users/andre/Documents/S4/Qualité/TP/Jeu_Quiz/projet/vendor/laravel/framework/src/Illuminate/Routing/RouteRegistrar.php(212): Illuminate/Routing/Router->group(Array, 'C://Users//andre//...')
#3 C:/Users/andre/Documents/S4/Qualité/TP/Jeu_Quiz/projet/vendor/laravel/framework/src/Illuminate/Foundation/Configuration/ApplicationBuilder.php(260): Illuminate/Routing/RouteRegistrar->group('C://Users//andre//...')
#4 C:/Users/andre/Documents/S4/Qualité/TP/Jeu_Quiz/projet/vendor/laravel/framework/src/Illuminate/Container/BoundMethod.php(36): Illuminate/Foundation/Configuration/ApplicationBuilder->{closure:Illuminate/Foundation/Configuration/ApplicationBuilder::buildRoutingCallback():209}()
#5 C:/Users/andre/Documents/S4/Qualité/TP/Jeu_Quiz/projet/vendor/laravel/framework/src/Illuminate/Container/Util.php(43): Illuminate/Container/BoundMethod::{closure:Illuminate/Container/BoundMethod::call():35}()
#6 C:/Users/andre/Documents/S4/Qualité/TP/Jeu_Quiz/projet/vendor/laravel/framework/src/Illuminate/Container/BoundMethod.php(84): Illuminate/Container/Util::unwrapIfClosure(Object(Closure))
#7 C:/Users/andre/Documents/S4/Qualité/TP/Jeu_Quiz/projet/vendor/laravel/framework/src/Illuminate/Container/BoundMethod.php(35): Illuminate/Container/BoundMethod::callBoundMethod(Object(Illuminate/Foundation/Application), Object(Closure), Object(Closure))
#8 C:/Users/andre/Documents/S4/Qualité/TP/Jeu_Quiz/projet/vendor/laravel/framework/src/Illuminate/Container/Container.php(799): Illuminate/Container/BoundMethod::call(Object(Illuminate/Foundation/Application), Object(Closure), Array, NULL)
#9 C:/Users/andre/Documents/S4/Qualité/TP/Jeu_Quiz/projet/vendor/laravel/framework/src/Illuminate/Foundation/Support/Providers/RouteServiceProvider.php(162): Illuminate/Container/Container->call(Object(Closure))
#10 C:/Users/andre/Documents/S4/Qualité/TP/Jeu_Quiz/projet/vendor/laravel/framework/src/Illuminate/Foundation/Support/Providers/RouteServiceProvider.php(59): Illuminate/Foundation/Support/Providers/RouteServiceProvider->loadRoutes()
#11 C:/Users/andre/Documents/S4/Qualité/TP/Jeu_Quiz/projet/vendor/laravel/framework/src/Illuminate/Container/BoundMethod.php(36): Illuminate/Foundation/Support/Providers/RouteServiceProvider->{closure:Illuminate/Foundation/Support/Providers/RouteServiceProvider::register():53}()
#12 C:/Users/andre/Documents/S4/Qualité/TP/Jeu_Quiz/projet/vendor/laravel/framework/src/Illuminate/Container/Util.php(43): Illuminate/Container/BoundMethod::{closure:Illuminate/Container/BoundMethod::call():35}()
#13 C:/Users/andre/Documents/S4/Qualité/TP/Jeu_Quiz/projet/vendor/laravel/framework/src/Illuminate/Container/BoundMethod.php(84): Illuminate/Container/Util::unwrapIfClosure(Object(Closure))
#14 C:/Users/andre/Documents/S4/Qualité/TP/Jeu_Quiz/projet/vendor/laravel/framework/src/Illuminate/Container/BoundMethod.php(35): Illuminate/Container/BoundMethod::callBoundMethod(Object(Illuminate/Foundation/Application), Object(Closure), Object(Closure))
#15 C:/Users/andre/Documents/S4/Qualité/TP/Jeu_Quiz/projet/vendor/laravel/framework/src/Illuminate/Container/Container.php(799): Illuminate/Container/BoundMethod::call(Object(Illuminate/Foundation/Application), Object(Closure), Array, NULL)
#16 C:/Users/andre/Documents/S4/Qualité/TP/Jeu_Quiz/projet/vendor/laravel/framework/src/Illuminate/Support/ServiceProvider.php(150): Illuminate/Container/Container->call(Object(Closure))
#17 C:/Users/andre/Documents/S4/Qualité/TP/Jeu_Quiz/projet/vendor/laravel/framework/src/Illuminate/Foundation/Application.php(1154): Illuminate/Support/ServiceProvider->callBootedCallbacks()
#18 C:/Users/andre/Documents/S4/Qualité/TP/Jeu_Quiz/projet/vendor/laravel/framework/src/Illuminate/Foundation/Application.php(1132): Illuminate/Foundation/Application->bootProvider(Object(Illuminate/Foundation/Support/Providers/RouteServiceProvider))
#19 [internal function]: Illuminate/Foundation/Application->{closure:Illuminate/Foundation/Application::boot():1131}(Object(Illuminate/Foundation/Support/Providers/RouteServiceProvider), 'Illuminate//Foun...')
#20 C:/Users/andre/Documents/S4/Qualité/TP/Jeu_Quiz/projet/vendor/laravel/framework/src/Illuminate/Foundation/Application.php(1131): array_walk(Array, Object(Closure))
#21 C:/Users/andre/Documents/S4/Qualité/TP/Jeu_Quiz/projet/vendor/laravel/framework/src/Illuminate/Foundation/Bootstrap/BootProviders.php(17): Illuminate/Foundation/Application->boot()
#22 C:/Users/andre/Documents/S4/Qualité/TP/Jeu_Quiz/projet/vendor/laravel/framework/src/Illuminate/Foundation/Application.php(342): Illuminate/Foundation/Bootstrap/BootProviders->bootstrap(Object(Illuminate/Foundation/Application))
#23 C:/Users/andre/Documents/S4/Qualité/TP/Jeu_Quiz/projet/vendor/laravel/framework/src/Illuminate/Foundation/Console/Kernel.php(494): Illuminate/Foundation/Application->bootstrapWith(Array)
#24 C:/Users/andre/Documents/S4/Qualité/TP/Jeu_Quiz/projet/vendor/laravel/framework/src/Illuminate/Foundation/Console/Kernel.php(196): Illuminate/Foundation/Console/Kernel->bootstrap()
#25 C:/Users/andre/Documents/S4/Qualité/TP/Jeu_Quiz/projet/vendor/laravel/framework/src/Illuminate/Foundation/Application.php(1235): Illuminate/Foundation/Console/Kernel->handle(Object(Symfony/Component/Console/Input/ArgvInput), Object(Symfony/Component/Console/Output/ConsoleOutput))
#26 C:/Users/andre/Documents/S4/Qualité/TP/Jeu_Quiz/projet/artisan(16): Illuminate/Foundation/Application->handleCommand(Object(Symfony/Component/Console/Input/ArgvInput))
#27 {main}
"} 
[2026-05-03 08:12:59] local.ERROR: syntax error, unexpected end of file {"exception":"[object] (ParseError(code: 0): syntax error, unexpected end of file at C:/Users/andre/Documents/S4/Qualité/TP/Jeu_Quiz/projet/routes/web.php:6)
[stacktrace]
#0 C:/Users/andre/Documents/S4/Qualité/TP/Jeu_Quiz/projet/vendor/laravel/framework/src/Illuminate/Routing/Router.php(526): Illuminate/Routing/RouteFileRegistrar->register('C://Users//andre//...')
#1 C:/Users/andre/Documents/S4/Qualité/TP/Jeu_Quiz/projet/vendor/laravel/framework/src/Illuminate/Routing/Router.php(480): Illuminate/Routing/Router->loadRoutes('C://Users//andre//...')
#2 C:/Users/andre/Documents/S4/Qualité/TP/Jeu_Quiz/projet/vendor/laravel/framework/src/Illuminate/Routing/RouteRegistrar.php(212): Illuminate/Routing/Router->group(Array, 'C://Users//andre//...')
#3 C:/Users/andre/Documents/S4/Qualité/TP/Jeu_Quiz/projet/vendor/laravel/framework/src/Illuminate/Foundation/Configuration/ApplicationBuilder.php(260): Illuminate/Routing/RouteRegistrar->group('C://Users//andre//...')
#4 C:/Users/andre/Documents/S4/Qualité/TP/Jeu_Quiz/projet/vendor/laravel/framework/src/Illuminate/Container/BoundMethod.php(36): Illuminate/Foundation/Configuration/ApplicationBuilder->{closure:Illuminate/Foundation/Configuration/ApplicationBuilder::buildRoutingCallback():209}()
#5 C:/Users/andre/Documents/S4/Qualité/TP/Jeu_Quiz/projet/vendor/laravel/framework/src/Illuminate/Container/Util.php(43): Illuminate/Container/BoundMethod::{closure:Illuminate/Container/BoundMethod::call():35}()
#6 C:/Users/andre/Documents/S4/Qualité/TP/Jeu_Quiz/projet/vendor/laravel/framework/src/Illuminate/Container/BoundMethod.php(84): Illuminate/Container/Util::unwrapIfClosure(Object(Closure))
#7 C:/Users/andre/Documents/S4/Qualité/TP/Jeu_Quiz/projet/vendor/laravel/framework/src/Illuminate/Container/BoundMethod.php(35): Illuminate/Container/BoundMethod::callBoundMethod(Object(Illuminate/Foundation/Application), Object(Closure), Object(Closure))
#8 C:/Users/andre/Documents/S4/Qualité/TP/Jeu_Quiz/projet/vendor/laravel/framework/src/Illuminate/Container/Container.php(799): Illuminate/Container/BoundMethod::call(Object(Illuminate/Foundation/Application), Object(Closure), Array, NULL)
#9 C:/Users/andre/Documents/S4/Qualité/TP/Jeu_Quiz/projet/vendor/laravel/framework/src/Illuminate/Foundation/Support/Providers/RouteServiceProvider.php(162): Illuminate/Container/Container->call(Object(Closure))
#10 C:/Users/andre/Documents/S4/Qualité/TP/Jeu_Quiz/projet/vendor/laravel/framework/src/Illuminate/Foundation/Support/Providers/RouteServiceProvider.php(59): Illuminate/Foundation/Support/Providers/RouteServiceProvider->loadRoutes()
#11 C:/Users/andre/Documents/S4/Qualité/TP/Jeu_Quiz/projet/vendor/laravel/framework/src/Illuminate/Container/BoundMethod.php(36): Illuminate/Foundation/Support/Providers/RouteServiceProvider->{closure:Illuminate/Foundation/Support/Providers/RouteServiceProvider::register():53}()
#12 C:/Users/andre/Documents/S4/Qualité/TP/Jeu_Quiz/projet/vendor/laravel/framework/src/Illuminate/Container/Util.php(43): Illuminate/Container/BoundMethod::{closure:Illuminate/Container/BoundMethod::call():35}()
#13 C:/Users/andre/Documents/S4/Qualité/TP/Jeu_Quiz/projet/vendor/laravel/framework/src/Illuminate/Container/BoundMethod.php(84): Illuminate/Container/Util::unwrapIfClosure(Object(Closure))
#14 C:/Users/andre/Documents/S4/Qualité/TP/Jeu_Quiz/projet/vendor/laravel/framework/src/Illuminate/Container/BoundMethod.php(35): Illuminate/Container/BoundMethod::callBoundMethod(Object(Illuminate/Foundation/Application), Object(Closure), Object(Closure))
#15 C:/Users/andre/Documents/S4/Qualité/TP/Jeu_Quiz/projet/vendor/laravel/framework/src/Illuminate/Container/Container.php(799): Illuminate/Container/BoundMethod::call(Object(Illuminate/Foundation/Application), Object(Closure), Array, NULL)
#16 C:/Users/andre/Documents/S4/Qualité/TP/Jeu_Quiz/projet/vendor/laravel/framework/src/Illuminate/Support/ServiceProvider.php(150): Illuminate/Container/Container->call(Object(Closure))
#17 C:/Users/andre/Documents/S4/Qualité/TP/Jeu_Quiz/projet/vendor/laravel/framework/src/Illuminate/Foundation/Application.php(1154): Illuminate/Support/ServiceProvider->callBootedCallbacks()
#18 C:/Users/andre/Documents/S4/Qualité/TP/Jeu_Quiz/projet/vendor/laravel/framework/src/Illuminate/Foundation/Application.php(1132): Illuminate/Foundation/Application->bootProvider(Object(Illuminate/Foundation/Support/Providers/RouteServiceProvider))
#19 [internal function]: Illuminate/Foundation/Application->{closure:Illuminate/Foundation/Application::boot():1131}(Object(Illuminate/Foundation/Support/Providers/RouteServiceProvider), 'Illuminate//Foun...')
#20 C:/Users/andre/Documents/S4/Qualité/TP/Jeu_Quiz/projet/vendor/laravel/framework/src/Illuminate/Foundation/Application.php(1131): array_walk(Array, Object(Closure))
#21 C:/Users/andre/Documents/S4/Qualité/TP/Jeu_Quiz/projet/vendor/laravel/framework/src/Illuminate/Foundation/Bootstrap/BootProviders.php(17): Illuminate/Foundation/Application->boot()
#22 C:/Users/andre/Documents/S4/Qualité/TP/Jeu_Quiz/projet/vendor/laravel/framework/src/Illuminate/Foundation/Application.php(342): Illuminate/Foundation/Bootstrap/BootProviders->bootstrap(Object(Illuminate/Foundation/Application))
#23 C:/Users/andre/Documents/S4/Qualité/TP/Jeu_Quiz/projet/vendor/laravel/framework/src/Illuminate/Foundation/Http/Kernel.php(186): Illuminate/Foundation/Application->bootstrapWith(Array)
#24 C:/Users/andre/Documents/S4/Qualité/TP/Jeu_Quiz/projet/vendor/laravel/framework/src/Illuminate/Foundation/Http/Kernel.php(170): Illuminate/Foundation/Http/Kernel->bootstrap()
#25 C:/Users/andre/Documents/S4/Qualité/TP/Jeu_Quiz/projet/vendor/laravel/framework/src/Illuminate/Foundation/Http/Kernel.php(144): Illuminate/Foundation/Http/Kernel->sendRequestThroughRouter(Object(Illuminate/Http/Request))
#26 C:/Users/andre/Documents/S4/Qualité/TP/Jeu_Quiz/projet/vendor/laravel/framework/src/Illuminate/Foundation/Application.php(1220): Illuminate/Foundation/Http/Kernel->handle(Object(Illuminate/Http/Request))
#27 C:/Users/andre/Documents/S4/Qualité/TP/Jeu_Quiz/projet/public/index.php(20): Illuminate/Foundation/Application->handleRequest(Object(Illuminate/Http/Request))
#28 C:/Users/andre/Documents/S4/Qualité/TP/Jeu_Quiz/projet/vendor/laravel/framework/src/Illuminate/Foundation/resources/server.php(23): require_once('C://Users//andre//...')
#29 {main}
"} 
[2026-05-03 08:12:59] local.ERROR: syntax error, unexpected end of file {"exception":"[object] (ParseError(code: 0): syntax error, unexpected end of file at C:/Users/andre/Documents/S4/Qualité/TP/Jeu_Quiz/projet/routes/web.php:6)
[stacktrace]
#0 C:/Users/andre/Documents/S4/Qualité/TP/Jeu_Quiz/projet/vendor/laravel/framework/src/Illuminate/Routing/Router.php(526): Illuminate/Routing/RouteFileRegistrar->register('C://Users//andre//...')
#1 C:/Users/andre/Documents/S4/Qualité/TP/Jeu_Quiz/projet/vendor/laravel/framework/src/Illuminate/Routing/Router.php(480): Illuminate/Routing/Router->loadRoutes('C://Users//andre//...')
#2 C:/Users/andre/Documents/S4/Qualité/TP/Jeu_Quiz/projet/vendor/laravel/framework/src/Illuminate/Routing/RouteRegistrar.php(212): Illuminate/Routing/Router->group(Array, 'C://Users//andre//...')
#3 C:/Users/andre/Documents/S4/Qualité/TP/Jeu_Quiz/projet/vendor/laravel/framework/src/Illuminate/Foundation/Configuration/ApplicationBuilder.php(260): Illuminate/Routing/RouteRegistrar->group('C://Users//andre//...')
#4 C:/Users/andre/Documents/S4/Qualité/TP/Jeu_Quiz/projet/vendor/laravel/framework/src/Illuminate/Container/BoundMethod.php(36): Illuminate/Foundation/Configuration/ApplicationBuilder->{closure:Illuminate/Foundation/Configuration/ApplicationBuilder::buildRoutingCallback():209}()
#5 C:/Users/andre/Documents/S4/Qualité/TP/Jeu_Quiz/projet/vendor/laravel/framework/src/Illuminate/Container/Util.php(43): Illuminate/Container/BoundMethod::{closure:Illuminate/Container/BoundMethod::call():35}()
#6 C:/Users/andre/Documents/S4/Qualité/TP/Jeu_Quiz/projet/vendor/laravel/framework/src/Illuminate/Container/BoundMethod.php(84): Illuminate/Container/Util::unwrapIfClosure(Object(Closure))
#7 C:/Users/andre/Documents/S4/Qualité/TP/Jeu_Quiz/projet/vendor/laravel/framework/src/Illuminate/Container/BoundMethod.php(35): Illuminate/Container/BoundMethod::callBoundMethod(Object(Illuminate/Foundation/Application), Object(Closure), Object(Closure))
#8 C:/Users/andre/Documents/S4/Qualité/TP/Jeu_Quiz/projet/vendor/laravel/framework/src/Illuminate/Container/Container.php(799): Illuminate/Container/BoundMethod::call(Object(Illuminate/Foundation/Application), Object(Closure), Array, NULL)
#9 C:/Users/andre/Documents/S4/Qualité/TP/Jeu_Quiz/projet/vendor/laravel/framework/src/Illuminate/Foundation/Support/Providers/RouteServiceProvider.php(162): Illuminate/Container/Container->call(Object(Closure))
#10 C:/Users/andre/Documents/S4/Qualité/TP/Jeu_Quiz/projet/vendor/laravel/framework/src/Illuminate/Foundation/Support/Providers/RouteServiceProvider.php(59): Illuminate/Foundation/Support/Providers/RouteServiceProvider->loadRoutes()
#11 C:/Users/andre/Documents/S4/Qualité/TP/Jeu_Quiz/projet/vendor/laravel/framework/src/Illuminate/Container/BoundMethod.php(36): Illuminate/Foundation/Support/Providers/RouteServiceProvider->{closure:Illuminate/Foundation/Support/Providers/RouteServiceProvider::register():53}()
#12 C:/Users/andre/Documents/S4/Qualité/TP/Jeu_Quiz/projet/vendor/laravel/framework/src/Illuminate/Container/Util.php(43): Illuminate/Container/BoundMethod::{closure:Illuminate/Container/BoundMethod::call():35}()
#13 C:/Users/andre/Documents/S4/Qualité/TP/Jeu_Quiz/projet/vendor/laravel/framework/src/Illuminate/Container/BoundMethod.php(84): Illuminate/Container/Util::unwrapIfClosure(Object(Closure))
#14 C:/Users/andre/Documents/S4/Qualité/TP/Jeu_Quiz/projet/vendor/laravel/framework/src/Illuminate/Container/BoundMethod.php(35): Illuminate/Container/BoundMethod::callBoundMethod(Object(Illuminate/Foundation/Application), Object(Closure), Object(Closure))
#15 C:/Users/andre/Documents/S4/Qualité/TP/Jeu_Quiz/projet/vendor/laravel/framework/src/Illuminate/Container/Container.php(799): Illuminate/Container/BoundMethod::call(Object(Illuminate/Foundation/Application), Object(Closure), Array, NULL)
#16 C:/Users/andre/Documents/S4/Qualité/TP/Jeu_Quiz/projet/vendor/laravel/framework/src/Illuminate/Support/ServiceProvider.php(150): Illuminate/Container/Container->call(Object(Closure))
#17 C:/Users/andre/Documents/S4/Qualité/TP/Jeu_Quiz/projet/vendor/laravel/framework/src/Illuminate/Foundation/Application.php(1154): Illuminate/Support/ServiceProvider->callBootedCallbacks()
#18 C:/Users/andre/Documents/S4/Qualité/TP/Jeu_Quiz/projet/vendor/laravel/framework/src/Illuminate/Foundation/Application.php(1132): Illuminate/Foundation/Application->bootProvider(Object(Illuminate/Foundation/Support/Providers/RouteServiceProvider))
#19 [internal function]: Illuminate/Foundation/Application->{closure:Illuminate/Foundation/Application::boot():1131}(Object(Illuminate/Foundation/Support/Providers/RouteServiceProvider), 'Illuminate//Foun...')
#20 C:/Users/andre/Documents/S4/Qualité/TP/Jeu_Quiz/projet/vendor/laravel/framework/src/Illuminate/Foundation/Application.php(1131): array_walk(Array, Object(Closure))
#21 C:/Users/andre/Documents/S4/Qualité/TP/Jeu_Quiz/projet/vendor/laravel/framework/src/Illuminate/Foundation/Bootstrap/BootProviders.php(17): Illuminate/Foundation/Application->boot()
#22 C:/Users/andre/Documents/S4/Qualité/TP/Jeu_Quiz/projet/vendor/laravel/framework/src/Illuminate/Foundation/Application.php(342): Illuminate/Foundation/Bootstrap/BootProviders->bootstrap(Object(Illuminate/Foundation/Application))
#23 C:/Users/andre/Documents/S4/Qualité/TP/Jeu_Quiz/projet/vendor/laravel/framework/src/Illuminate/Foundation/Console/Kernel.php(494): Illuminate/Foundation/Application->bootstrapWith(Array)
#24 C:/Users/andre/Documents/S4/Qualité/TP/Jeu_Quiz/projet/vendor/laravel/framework/src/Illuminate/Foundation/Console/Kernel.php(196): Illuminate/Foundation/Console/Kernel->bootstrap()
#25 C:/Users/andre/Documents/S4/Qualité/TP/Jeu_Quiz/projet/vendor/laravel/framework/src/Illuminate/Foundation/Application.php(1235): Illuminate/Foundation/Console/Kernel->handle(Object(Symfony/Component/Console/Input/ArgvInput), Object(Symfony/Component/Console/Output/ConsoleOutput))
#26 C:/Users/andre/Documents/S4/Qualité/TP/Jeu_Quiz/projet/artisan(16): Illuminate/Foundation/Application->handleCommand(Object(Symfony/Component/Console/Input/ArgvInput))
#27 {main}
"} 
[2026-05-03 08:13:00] local.ERROR: syntax error, unexpected end of file {"exception":"[object] (ParseError(code: 0): syntax error, unexpected end of file at C:/Users/andre/Documents/S4/Qualité/TP/Jeu_Quiz/projet/routes/web.php:6)
[stacktrace]
#0 C:/Users/andre/Documents/S4/Qualité/TP/Jeu_Quiz/projet/vendor/laravel/framework/src/Illuminate/Routing/Router.php(526): Illuminate/Routing/RouteFileRegistrar->register('C://Users//andre//...')
#1 C:/Users/andre/Documents/S4/Qualité/TP/Jeu_Quiz/projet/vendor/laravel/framework/src/Illuminate/Routing/Router.php(480): Illuminate/Routing/Router->loadRoutes('C://Users//andre//...')
#2 C:/Users/andre/Documents/S4/Qualité/TP/Jeu_Quiz/projet/vendor/laravel/framework/src/Illuminate/Routing/RouteRegistrar.php(212): Illuminate/Routing/Router->group(Array, 'C://Users//andre//...')
#3 C:/Users/andre/Documents/S4/Qualité/TP/Jeu_Quiz/projet/vendor/laravel/framework/src/Illuminate/Foundation/Configuration/ApplicationBuilder.php(260): Illuminate/Routing/RouteRegistrar->group('C://Users//andre//...')
#4 C:/Users/andre/Documents/S4/Qualité/TP/Jeu_Quiz/projet/vendor/laravel/framework/src/Illuminate/Container/BoundMethod.php(36): Illuminate/Foundation/Configuration/ApplicationBuilder->{closure:Illuminate/Foundation/Configuration/ApplicationBuilder::buildRoutingCallback():209}()
#5 C:/Users/andre/Documents/S4/Qualité/TP/Jeu_Quiz/projet/vendor/laravel/framework/src/Illuminate/Container/Util.php(43): Illuminate/Container/BoundMethod::{closure:Illuminate/Container/BoundMethod::call():35}()
#6 C:/Users/andre/Documents/S4/Qualité/TP/Jeu_Quiz/projet/vendor/laravel/framework/src/Illuminate/Container/BoundMethod.php(84): Illuminate/Container/Util::unwrapIfClosure(Object(Closure))
#7 C:/Users/andre/Documents/S4/Qualité/TP/Jeu_Quiz/projet/vendor/laravel/framework/src/Illuminate/Container/BoundMethod.php(35): Illuminate/Container/BoundMethod::callBoundMethod(Object(Illuminate/Foundation/Application), Object(Closure), Object(Closure))
#8 C:/Users/andre/Documents/S4/Qualité/TP/Jeu_Quiz/projet/vendor/laravel/framework/src/Illuminate/Container/Container.php(799): Illuminate/Container/BoundMethod::call(Object(Illuminate/Foundation/Application), Object(Closure), Array, NULL)
#9 C:/Users/andre/Documents/S4/Qualité/TP/Jeu_Quiz/projet/vendor/laravel/framework/src/Illuminate/Foundation/Support/Providers/RouteServiceProvider.php(162): Illuminate/Container/Container->call(Object(Closure))
#10 C:/Users/andre/Documents/S4/Qualité/TP/Jeu_Quiz/projet/vendor/laravel/framework/src/Illuminate/Foundation/Support/Providers/RouteServiceProvider.php(59): Illuminate/Foundation/Support/Providers/RouteServiceProvider->loadRoutes()
#11 C:/Users/andre/Documents/S4/Qualité/TP/Jeu_Quiz/projet/vendor/laravel/framework/src/Illuminate/Container/BoundMethod.php(36): Illuminate/Foundation/Support/Providers/RouteServiceProvider->{closure:Illuminate/Foundation/Support/Providers/RouteServiceProvider::register():53}()
#12 C:/Users/andre/Documents/S4/Qualité/TP/Jeu_Quiz/projet/vendor/laravel/framework/src/Illuminate/Container/Util.php(43): Illuminate/Container/BoundMethod::{closure:Illuminate/Container/BoundMethod::call():35}()
#13 C:/Users/andre/Documents/S4/Qualité/TP/Jeu_Quiz/projet/vendor/laravel/framework/src/Illuminate/Container/BoundMethod.php(84): Illuminate/Container/Util::unwrapIfClosure(Object(Closure))
#14 C:/Users/andre/Documents/S4/Qualité/TP/Jeu_Quiz/projet/vendor/laravel/framework/src/Illuminate/Container/BoundMethod.php(35): Illuminate/Container/BoundMethod::callBoundMethod(Object(Illuminate/Foundation/Application), Object(Closure), Object(Closure))
#15 C:/Users/andre/Documents/S4/Qualité/TP/Jeu_Quiz/projet/vendor/laravel/framework/src/Illuminate/Container/Container.php(799): Illuminate/Container/BoundMethod::call(Object(Illuminate/Foundation/Application), Object(Closure), Array, NULL)
#16 C:/Users/andre/Documents/S4/Qualité/TP/Jeu_Quiz/projet/vendor/laravel/framework/src/Illuminate/Support/ServiceProvider.php(150): Illuminate/Container/Container->call(Object(Closure))
#17 C:/Users/andre/Documents/S4/Qualité/TP/Jeu_Quiz/projet/vendor/laravel/framework/src/Illuminate/Foundation/Application.php(1154): Illuminate/Support/ServiceProvider->callBootedCallbacks()
#18 C:/Users/andre/Documents/S4/Qualité/TP/Jeu_Quiz/projet/vendor/laravel/framework/src/Illuminate/Foundation/Application.php(1132): Illuminate/Foundation/Application->bootProvider(Object(Illuminate/Foundation/Support/Providers/RouteServiceProvider))
#19 [internal function]: Illuminate/Foundation/Application->{closure:Illuminate/Foundation/Application::boot():1131}(Object(Illuminate/Foundation/Support/Providers/RouteServiceProvider), 'Illuminate//Foun...')
#20 C:/Users/andre/Documents/S4/Qualité/TP/Jeu_Quiz/projet/vendor/laravel/framework/src/Illuminate/Foundation/Application.php(1131): array_walk(Array, Object(Closure))
#21 C:/Users/andre/Documents/S4/Qualité/TP/Jeu_Quiz/projet/vendor/laravel/framework/src/Illuminate/Foundation/Bootstrap/BootProviders.php(17): Illuminate/Foundation/Application->boot()
#22 C:/Users/andre/Documents/S4/Qualité/TP/Jeu_Quiz/projet/vendor/laravel/framework/src/Illuminate/Foundation/Application.php(342): Illuminate/Foundation/Bootstrap/BootProviders->bootstrap(Object(Illuminate/Foundation/Application))
#23 C:/Users/andre/Documents/S4/Qualité/TP/Jeu_Quiz/projet/vendor/laravel/framework/src/Illuminate/Foundation/Http/Kernel.php(186): Illuminate/Foundation/Application->bootstrapWith(Array)
#24 C:/Users/andre/Documents/S4/Qualité/TP/Jeu_Quiz/projet/vendor/laravel/framework/src/Illuminate/Foundation/Http/Kernel.php(170): Illuminate/Foundation/Http/Kernel->bootstrap()
#25 C:/Users/andre/Documents/S4/Qualité/TP/Jeu_Quiz/projet/vendor/laravel/framework/src/Illuminate/Foundation/Http/Kernel.php(144): Illuminate/Foundation/Http/Kernel->sendRequestThroughRouter(Object(Illuminate/Http/Request))
#26 C:/Users/andre/Documents/S4/Qualité/TP/Jeu_Quiz/projet/vendor/laravel/framework/src/Illuminate/Foundation/Application.php(1220): Illuminate/Foundation/Http/Kernel->handle(Object(Illuminate/Http/Request))
#27 C:/Users/andre/Documents/S4/Qualité/TP/Jeu_Quiz/projet/public/index.php(20): Illuminate/Foundation/Application->handleRequest(Object(Illuminate/Http/Request))
#28 C:/Users/andre/Documents/S4/Qualité/TP/Jeu_Quiz/projet/vendor/laravel/framework/src/Illuminate/Foundation/resources/server.php(23): require_once('C://Users//andre//...')
#29 {main}
"} 
[2026-05-03 08:13:01] local.ERROR: syntax error, unexpected end of file {"exception":"[object] (ParseError(code: 0): syntax error, unexpected end of file at C:/Users/andre/Documents/S4/Qualité/TP/Jeu_Quiz/projet/routes/web.php:6)
[stacktrace]
#0 C:/Users/andre/Documents/S4/Qualité/TP/Jeu_Quiz/projet/vendor/laravel/framework/src/Illuminate/Routing/Router.php(526): Illuminate/Routing/RouteFileRegistrar->register('C://Users//andre//...')
#1 C:/Users/andre/Documents/S4/Qualité/TP/Jeu_Quiz/projet/vendor/laravel/framework/src/Illuminate/Routing/Router.php(480): Illuminate/Routing/Router->loadRoutes('C://Users//andre//...')
#2 C:/Users/andre/Documents/S4/Qualité/TP/Jeu_Quiz/projet/vendor/laravel/framework/src/Illuminate/Routing/RouteRegistrar.php(212): Illuminate/Routing/Router->group(Array, 'C://Users//andre//...')
#3 C:/Users/andre/Documents/S4/Qualité/TP/Jeu_Quiz/projet/vendor/laravel/framework/src/Illuminate/Foundation/Configuration/ApplicationBuilder.php(260): Illuminate/Routing/RouteRegistrar->group('C://Users//andre//...')
#4 C:/Users/andre/Documents/S4/Qualité/TP/Jeu_Quiz/projet/vendor/laravel/framework/src/Illuminate/Container/BoundMethod.php(36): Illuminate/Foundation/Configuration/ApplicationBuilder->{closure:Illuminate/Foundation/Configuration/ApplicationBuilder::buildRoutingCallback():209}()
#5 C:/Users/andre/Documents/S4/Qualité/TP/Jeu_Quiz/projet/vendor/laravel/framework/src/Illuminate/Container/Util.php(43): Illuminate/Container/BoundMethod::{closure:Illuminate/Container/BoundMethod::call():35}()
#6 C:/Users/andre/Documents/S4/Qualité/TP/Jeu_Quiz/projet/vendor/laravel/framework/src/Illuminate/Container/BoundMethod.php(84): Illuminate/Container/Util::unwrapIfClosure(Object(Closure))
#7 C:/Users/andre/Documents/S4/Qualité/TP/Jeu_Quiz/projet/vendor/laravel/framework/src/Illuminate/Container/BoundMethod.php(35): Illuminate/Container/BoundMethod::callBoundMethod(Object(Illuminate/Foundation/Application), Object(Closure), Object(Closure))
#8 C:/Users/andre/Documents/S4/Qualité/TP/Jeu_Quiz/projet/vendor/laravel/framework/src/Illuminate/Container/Container.php(799): Illuminate/Container/BoundMethod::call(Object(Illuminate/Foundation/Application), Object(Closure), Array, NULL)
#9 C:/Users/andre/Documents/S4/Qualité/TP/Jeu_Quiz/projet/vendor/laravel/framework/src/Illuminate/Foundation/Support/Providers/RouteServiceProvider.php(162): Illuminate/Container/Container->call(Object(Closure))
#10 C:/Users/andre/Documents/S4/Qualité/TP/Jeu_Quiz/projet/vendor/laravel/framework/src/Illuminate/Foundation/Support/Providers/RouteServiceProvider.php(59): Illuminate/Foundation/Support/Providers/RouteServiceProvider->loadRoutes()
#11 C:/Users/andre/Documents/S4/Qualité/TP/Jeu_Quiz/projet/vendor/laravel/framework/src/Illuminate/Container/BoundMethod.php(36): Illuminate/Foundation/Support/Providers/RouteServiceProvider->{closure:Illuminate/Foundation/Support/Providers/RouteServiceProvider::register():53}()
#12 C:/Users/andre/Documents/S4/Qualité/TP/Jeu_Quiz/projet/vendor/laravel/framework/src/Illuminate/Container/Util.php(43): Illuminate/Container/BoundMethod::{closure:Illuminate/Container/BoundMethod::call():35}()
#13 C:/Users/andre/Documents/S4/Qualité/TP/Jeu_Quiz/projet/vendor/laravel/framework/src/Illuminate/Container/BoundMethod.php(84): Illuminate/Container/Util::unwrapIfClosure(Object(Closure))
#14 C:/Users/andre/Documents/S4/Qualité/TP/Jeu_Quiz/projet/vendor/laravel/framework/src/Illuminate/Container/BoundMethod.php(35): Illuminate/Container/BoundMethod::callBoundMethod(Object(Illuminate/Foundation/Application), Object(Closure), Object(Closure))
#15 C:/Users/andre/Documents/S4/Qualité/TP/Jeu_Quiz/projet/vendor/laravel/framework/src/Illuminate/Container/Container.php(799): Illuminate/Container/BoundMethod::call(Object(Illuminate/Foundation/Application), Object(Closure), Array, NULL)
#16 C:/Users/andre/Documents/S4/Qualité/TP/Jeu_Quiz/projet/vendor/laravel/framework/src/Illuminate/Support/ServiceProvider.php(150): Illuminate/Container/Container->call(Object(Closure))
#17 C:/Users/andre/Documents/S4/Qualité/TP/Jeu_Quiz/projet/vendor/laravel/framework/src/Illuminate/Foundation/Application.php(1154): Illuminate/Support/ServiceProvider->callBootedCallbacks()
#18 C:/Users/andre/Documents/S4/Qualité/TP/Jeu_Quiz/projet/vendor/laravel/framework/src/Illuminate/Foundation/Application.php(1132): Illuminate/Foundation/Application->bootProvider(Object(Illuminate/Foundation/Support/Providers/RouteServiceProvider))
#19 [internal function]: Illuminate/Foundation/Application->{closure:Illuminate/Foundation/Application::boot():1131}(Object(Illuminate/Foundation/Support/Providers/RouteServiceProvider), 'Illuminate//Foun...')
#20 C:/Users/andre/Documents/S4/Qualité/TP/Jeu_Quiz/projet/vendor/laravel/framework/src/Illuminate/Foundation/Application.php(1131): array_walk(Array, Object(Closure))
#21 C:/Users/andre/Documents/S4/Qualité/TP/Jeu_Quiz/projet/vendor/laravel/framework/src/Illuminate/Foundation/Bootstrap/BootProviders.php(17): Illuminate/Foundation/Application->boot()
#22 C:/Users/andre/Documents/S4/Qualité/TP/Jeu_Quiz/projet/vendor/laravel/framework/src/Illuminate/Foundation/Application.php(342): Illuminate/Foundation/Bootstrap/BootProviders->bootstrap(Object(Illuminate/Foundation/Application))
#23 C:/Users/andre/Documents/S4/Qualité/TP/Jeu_Quiz/projet/vendor/laravel/framework/src/Illuminate/Foundation/Http/Kernel.php(186): Illuminate/Foundation/Application->bootstrapWith(Array)
#24 C:/Users/andre/Documents/S4/Qualité/TP/Jeu_Quiz/projet/vendor/laravel/framework/src/Illuminate/Foundation/Http/Kernel.php(170): Illuminate/Foundation/Http/Kernel->bootstrap()
#25 C:/Users/andre/Documents/S4/Qualité/TP/Jeu_Quiz/projet/vendor/laravel/framework/src/Illuminate/Foundation/Http/Kernel.php(144): Illuminate/Foundation/Http/Kernel->sendRequestThroughRouter(Object(Illuminate/Http/Request))
#26 C:/Users/andre/Documents/S4/Qualité/TP/Jeu_Quiz/projet/vendor/laravel/framework/src/Illuminate/Foundation/Application.php(1220): Illuminate/Foundation/Http/Kernel->handle(Object(Illuminate/Http/Request))
#27 C:/Users/andre/Documents/S4/Qualité/TP/Jeu_Quiz/projet/public/index.php(20): Illuminate/Foundation/Application->handleRequest(Object(Illuminate/Http/Request))
#28 C:/Users/andre/Documents/S4/Qualité/TP/Jeu_Quiz/projet/vendor/laravel/framework/src/Illuminate/Foundation/resources/server.php(23): require_once('C://Users//andre//...')
#29 {main}
"} 
[2026-05-03 08:13:14] local.ERROR: mkdir(): File exists {"exception":"[object] (ErrorException(code: 0): mkdir(): File exists at C:/Users/andre/Documents/S4/Qualité/TP/Jeu_Quiz/projet/vendor/laravel/framework/src/Illuminate/Filesystem/Filesystem.php:662)
[stacktrace]
#0 C:/Users/andre/Documents/S4/Qualité/TP/Jeu_Quiz/projet/vendor/laravel/framework/src/Illuminate/Foundation/Bootstrap/HandleExceptions.php(258): Illuminate/Foundation/Bootstrap/HandleExceptions->handleError(2, 'mkdir(): File e...', 'C://Users//andre//...', 662)
#1 [internal function]: Illuminate/Foundation/Bootstrap/HandleExceptions->{closure:Illuminate/Foundation/Bootstrap/HandleExceptions::forwardsTo():257}(2, 'mkdir(): File e...', 'C://Users//andre//...', 662)
#2 C:/Users/andre/Documents/S4/Qualité/TP/Jeu_Quiz/projet/vendor/laravel/framework/src/Illuminate/Filesystem/Filesystem.php(662): mkdir('C://Users//andre//...', 493, true)
#3 C:/Users/andre/Documents/S4/Qualité/TP/Jeu_Quiz/projet/vendor/laravel/framework/src/Illuminate/Filesystem/Filesystem.php(643): Illuminate/Filesystem/Filesystem->makeDirectory('C://Users//andre//...', 493, true)
#4 C:/Users/andre/Documents/S4/Qualité/TP/Jeu_Quiz/projet/vendor/laravel/wayfinder/src/GenerateCommand.php(127): Illuminate/Filesystem/Filesystem->ensureDirectoryExists('C://Users//andre//...')
#5 C:/Users/andre/Documents/S4/Qualité/TP/Jeu_Quiz/projet/vendor/laravel/wayfinder/src/GenerateCommand.php(82): Laravel/Wayfinder/GenerateCommand->writeContent()
#6 C:/Users/andre/Documents/S4/Qualité/TP/Jeu_Quiz/projet/vendor/laravel/framework/src/Illuminate/Container/BoundMethod.php(36): Laravel/Wayfinder/GenerateCommand->handle()
#7 C:/Users/andre/Documents/S4/Qualité/TP/Jeu_Quiz/projet/vendor/laravel/framework/src/Illuminate/Container/Util.php(43): Illuminate/Container/BoundMethod::{closure:Illuminate/Container/BoundMethod::call():35}()
#8 C:/Users/andre/Documents/S4/Qualité/TP/Jeu_Quiz/projet/vendor/laravel/framework/src/Illuminate/Container/BoundMethod.php(96): Illuminate/Container/Util::unwrapIfClosure(Object(Closure))
#9 C:/Users/andre/Documents/S4/Qualité/TP/Jeu_Quiz/projet/vendor/laravel/framework/src/Illuminate/Container/BoundMethod.php(35): Illuminate/Container/BoundMethod::callBoundMethod(Object(Illuminate/Foundation/Application), Array, Object(Closure))
#10 C:/Users/andre/Documents/S4/Qualité/TP/Jeu_Quiz/projet/vendor/laravel/framework/src/Illuminate/Container/Container.php(799): Illuminate/Container/BoundMethod::call(Object(Illuminate/Foundation/Application), Array, Array, NULL)
#11 C:/Users/andre/Documents/S4/Qualité/TP/Jeu_Quiz/projet/vendor/laravel/framework/src/Illuminate/Console/Command.php(280): Illuminate/Container/Container->call(Array)
#12 C:/Users/andre/Documents/S4/Qualité/TP/Jeu_Quiz/projet/vendor/symfony/console/Command/Command.php(291): Illuminate/Console/Command->execute(Object(Symfony/Component/Console/Input/ArgvInput), Object(Illuminate/Console/OutputStyle))
#13 C:/Users/andre/Documents/S4/Qualité/TP/Jeu_Quiz/projet/vendor/laravel/framework/src/Illuminate/Console/Command.php(249): Symfony/Component/Console/Command/Command->run(Object(Symfony/Component/Console/Input/ArgvInput), Object(Illuminate/Console/OutputStyle))
#14 C:/Users/andre/Documents/S4/Qualité/TP/Jeu_Quiz/projet/vendor/symfony/console/Application.php(1107): Illuminate/Console/Command->run(Object(Symfony/Component/Console/Input/ArgvInput), Object(Symfony/Component/Console/Output/ConsoleOutput))
#15 C:/Users/andre/Documents/S4/Qualité/TP/Jeu_Quiz/projet/vendor/symfony/console/Application.php(356): Symfony/Component/Console/Application->doRunCommand(Object(Laravel/Wayfinder/GenerateCommand), Object(Symfony/Component/Console/Input/ArgvInput), Object(Symfony/Component/Console/Output/ConsoleOutput))
#16 C:/Users/andre/Documents/S4/Qualité/TP/Jeu_Quiz/projet/vendor/symfony/console/Application.php(195): Symfony/Component/Console/Application->doRun(Object(Symfony/Component/Console/Input/ArgvInput), Object(Symfony/Component/Console/Output/ConsoleOutput))
#17 C:/Users/andre/Documents/S4/Qualité/TP/Jeu_Quiz/projet/vendor/laravel/framework/src/Illuminate/Foundation/Console/Kernel.php(198): Symfony/Component/Console/Application->run(Object(Symfony/Component/Console/Input/ArgvInput), Object(Symfony/Component/Console/Output/ConsoleOutput))
#18 C:/Users/andre/Documents/S4/Qualité/TP/Jeu_Quiz/projet/vendor/laravel/framework/src/Illuminate/Foundation/Application.php(1235): Illuminate/Foundation/Console/Kernel->handle(Object(Symfony/Component/Console/Input/ArgvInput), Object(Symfony/Component/Console/Output/ConsoleOutput))
#19 C:/Users/andre/Documents/S4/Qualité/TP/Jeu_Quiz/projet/artisan(16): Illuminate/Foundation/Application->handleCommand(Object(Symfony/Component/Console/Input/ArgvInput))
#20 {main}
"} 
[2026-05-03 09:19:10] local.ERROR: syntax error, unexpected end of file {"exception":"[object] (ParseError(code: 0): syntax error, unexpected end of file at C:/Users/andre/Documents/S4/Qualité/TP/Jeu_Quiz/projet/routes/web.php:6)
[stacktrace]
#0 C:/Users/andre/Documents/S4/Qualité/TP/Jeu_Quiz/projet/vendor/laravel/framework/src/Illuminate/Routing/Router.php(526): Illuminate/Routing/RouteFileRegistrar->register('C://Users//andre//...')
#1 C:/Users/andre/Documents/S4/Qualité/TP/Jeu_Quiz/projet/vendor/laravel/framework/src/Illuminate/Routing/Router.php(480): Illuminate/Routing/Router->loadRoutes('C://Users//andre//...')
#2 C:/Users/andre/Documents/S4/Qualité/TP/Jeu_Quiz/projet/vendor/laravel/framework/src/Illuminate/Routing/RouteRegistrar.php(212): Illuminate/Routing/Router->group(Array, 'C://Users//andre//...')
#3 C:/Users/andre/Documents/S4/Qualité/TP/Jeu_Quiz/projet/vendor/laravel/framework/src/Illuminate/Foundation/Configuration/ApplicationBuilder.php(260): Illuminate/Routing/RouteRegistrar->group('C://Users//andre//...')
#4 C:/Users/andre/Documents/S4/Qualité/TP/Jeu_Quiz/projet/vendor/laravel/framework/src/Illuminate/Container/BoundMethod.php(36): Illuminate/Foundation/Configuration/ApplicationBuilder->{closure:Illuminate/Foundation/Configuration/ApplicationBuilder::buildRoutingCallback():209}()
#5 C:/Users/andre/Documents/S4/Qualité/TP/Jeu_Quiz/projet/vendor/laravel/framework/src/Illuminate/Container/Util.php(43): Illuminate/Container/BoundMethod::{closure:Illuminate/Container/BoundMethod::call():35}()
#6 C:/Users/andre/Documents/S4/Qualité/TP/Jeu_Quiz/projet/vendor/laravel/framework/src/Illuminate/Container/BoundMethod.php(84): Illuminate/Container/Util::unwrapIfClosure(Object(Closure))
#7 C:/Users/andre/Documents/S4/Qualité/TP/Jeu_Quiz/projet/vendor/laravel/framework/src/Illuminate/Container/BoundMethod.php(35): Illuminate/Container/BoundMethod::callBoundMethod(Object(Illuminate/Foundation/Application), Object(Closure), Object(Closure))
#8 C:/Users/andre/Documents/S4/Qualité/TP/Jeu_Quiz/projet/vendor/laravel/framework/src/Illuminate/Container/Container.php(799): Illuminate/Container/BoundMethod::call(Object(Illuminate/Foundation/Application), Object(Closure), Array, NULL)
#9 C:/Users/andre/Documents/S4/Qualité/TP/Jeu_Quiz/projet/vendor/laravel/framework/src/Illuminate/Foundation/Support/Providers/RouteServiceProvider.php(162): Illuminate/Container/Container->call(Object(Closure))
#10 C:/Users/andre/Documents/S4/Qualité/TP/Jeu_Quiz/projet/vendor/laravel/framework/src/Illuminate/Foundation/Support/Providers/RouteServiceProvider.php(59): Illuminate/Foundation/Support/Providers/RouteServiceProvider->loadRoutes()
#11 C:/Users/andre/Documents/S4/Qualité/TP/Jeu_Quiz/projet/vendor/laravel/framework/src/Illuminate/Container/BoundMethod.php(36): Illuminate/Foundation/Support/Providers/RouteServiceProvider->{closure:Illuminate/Foundation/Support/Providers/RouteServiceProvider::register():53}()
#12 C:/Users/andre/Documents/S4/Qualité/TP/Jeu_Quiz/projet/vendor/laravel/framework/src/Illuminate/Container/Util.php(43): Illuminate/Container/BoundMethod::{closure:Illuminate/Container/BoundMethod::call():35}()
#13 C:/Users/andre/Documents/S4/Qualité/TP/Jeu_Quiz/projet/vendor/laravel/framework/src/Illuminate/Container/BoundMethod.php(84): Illuminate/Container/Util::unwrapIfClosure(Object(Closure))
#14 C:/Users/andre/Documents/S4/Qualité/TP/Jeu_Quiz/projet/vendor/laravel/framework/src/Illuminate/Container/BoundMethod.php(35): Illuminate/Container/BoundMethod::callBoundMethod(Object(Illuminate/Foundation/Application), Object(Closure), Object(Closure))
#15 C:/Users/andre/Documents/S4/Qualité/TP/Jeu_Quiz/projet/vendor/laravel/framework/src/Illuminate/Container/Container.php(799): Illuminate/Container/BoundMethod::call(Object(Illuminate/Foundation/Application), Object(Closure), Array, NULL)
#16 C:/Users/andre/Documents/S4/Qualité/TP/Jeu_Quiz/projet/vendor/laravel/framework/src/Illuminate/Support/ServiceProvider.php(150): Illuminate/Container/Container->call(Object(Closure))
#17 C:/Users/andre/Documents/S4/Qualité/TP/Jeu_Quiz/projet/vendor/laravel/framework/src/Illuminate/Foundation/Application.php(1154): Illuminate/Support/ServiceProvider->callBootedCallbacks()
#18 C:/Users/andre/Documents/S4/Qualité/TP/Jeu_Quiz/projet/vendor/laravel/framework/src/Illuminate/Foundation/Application.php(1132): Illuminate/Foundation/Application->bootProvider(Object(Illuminate/Foundation/Support/Providers/RouteServiceProvider))
#19 [internal function]: Illuminate/Foundation/Application->{closure:Illuminate/Foundation/Application::boot():1131}(Object(Illuminate/Foundation/Support/Providers/RouteServiceProvider), 'Illuminate//Foun...')
#20 C:/Users/andre/Documents/S4/Qualité/TP/Jeu_Quiz/projet/vendor/laravel/framework/src/Illuminate/Foundation/Application.php(1131): array_walk(Array, Object(Closure))
#21 C:/Users/andre/Documents/S4/Qualité/TP/Jeu_Quiz/projet/vendor/laravel/framework/src/Illuminate/Foundation/Bootstrap/BootProviders.php(17): Illuminate/Foundation/Application->boot()
#22 C:/Users/andre/Documents/S4/Qualité/TP/Jeu_Quiz/projet/vendor/laravel/framework/src/Illuminate/Foundation/Application.php(342): Illuminate/Foundation/Bootstrap/BootProviders->bootstrap(Object(Illuminate/Foundation/Application))
#23 C:/Users/andre/Documents/S4/Qualité/TP/Jeu_Quiz/projet/vendor/laravel/framework/src/Illuminate/Foundation/Http/Kernel.php(186): Illuminate/Foundation/Application->bootstrapWith(Array)
#24 C:/Users/andre/Documents/S4/Qualité/TP/Jeu_Quiz/projet/vendor/laravel/framework/src/Illuminate/Foundation/Http/Kernel.php(170): Illuminate/Foundation/Http/Kernel->bootstrap()
#25 C:/Users/andre/Documents/S4/Qualité/TP/Jeu_Quiz/projet/vendor/laravel/framework/src/Illuminate/Foundation/Http/Kernel.php(144): Illuminate/Foundation/Http/Kernel->sendRequestThroughRouter(Object(Illuminate/Http/Request))
#26 C:/Users/andre/Documents/S4/Qualité/TP/Jeu_Quiz/projet/vendor/laravel/framework/src/Illuminate/Foundation/Application.php(1220): Illuminate/Foundation/Http/Kernel->handle(Object(Illuminate/Http/Request))
#27 C:/Users/andre/Documents/S4/Qualité/TP/Jeu_Quiz/projet/public/index.php(20): Illuminate/Foundation/Application->handleRequest(Object(Illuminate/Http/Request))
#28 C:/Users/andre/Documents/S4/Qualité/TP/Jeu_Quiz/projet/vendor/laravel/framework/src/Illuminate/Foundation/resources/server.php(23): require_once('C://Users//andre//...')
#29 {main}
"} 
[2026-05-03 09:19:10] local.ERROR: syntax error, unexpected end of file {"exception":"[object] (ParseError(code: 0): syntax error, unexpected end of file at C:/Users/andre/Documents/S4/Qualité/TP/Jeu_Quiz/projet/routes/web.php:6)
[stacktrace]
#0 C:/Users/andre/Documents/S4/Qualité/TP/Jeu_Quiz/projet/vendor/laravel/framework/src/Illuminate/Routing/Router.php(526): Illuminate/Routing/RouteFileRegistrar->register('C://Users//andre//...')
#1 C:/Users/andre/Documents/S4/Qualité/TP/Jeu_Quiz/projet/vendor/laravel/framework/src/Illuminate/Routing/Router.php(480): Illuminate/Routing/Router->loadRoutes('C://Users//andre//...')
#2 C:/Users/andre/Documents/S4/Qualité/TP/Jeu_Quiz/projet/vendor/laravel/framework/src/Illuminate/Routing/RouteRegistrar.php(212): Illuminate/Routing/Router->group(Array, 'C://Users//andre//...')
#3 C:/Users/andre/Documents/S4/Qualité/TP/Jeu_Quiz/projet/vendor/laravel/framework/src/Illuminate/Foundation/Configuration/ApplicationBuilder.php(260): Illuminate/Routing/RouteRegistrar->group('C://Users//andre//...')
#4 C:/Users/andre/Documents/S4/Qualité/TP/Jeu_Quiz/projet/vendor/laravel/framework/src/Illuminate/Container/BoundMethod.php(36): Illuminate/Foundation/Configuration/ApplicationBuilder->{closure:Illuminate/Foundation/Configuration/ApplicationBuilder::buildRoutingCallback():209}()
#5 C:/Users/andre/Documents/S4/Qualité/TP/Jeu_Quiz/projet/vendor/laravel/framework/src/Illuminate/Container/Util.php(43): Illuminate/Container/BoundMethod::{closure:Illuminate/Container/BoundMethod::call():35}()
#6 C:/Users/andre/Documents/S4/Qualité/TP/Jeu_Quiz/projet/vendor/laravel/framework/src/Illuminate/Container/BoundMethod.php(84): Illuminate/Container/Util::unwrapIfClosure(Object(Closure))
#7 C:/Users/andre/Documents/S4/Qualité/TP/Jeu_Quiz/projet/vendor/laravel/framework/src/Illuminate/Container/BoundMethod.php(35): Illuminate/Container/BoundMethod::callBoundMethod(Object(Illuminate/Foundation/Application), Object(Closure), Object(Closure))
#8 C:/Users/andre/Documents/S4/Qualité/TP/Jeu_Quiz/projet/vendor/laravel/framework/src/Illuminate/Container/Container.php(799): Illuminate/Container/BoundMethod::call(Object(Illuminate/Foundation/Application), Object(Closure), Array, NULL)
#9 C:/Users/andre/Documents/S4/Qualité/TP/Jeu_Quiz/projet/vendor/laravel/framework/src/Illuminate/Foundation/Support/Providers/RouteServiceProvider.php(162): Illuminate/Container/Container->call(Object(Closure))
#10 C:/Users/andre/Documents/S4/Qualité/TP/Jeu_Quiz/projet/vendor/laravel/framework/src/Illuminate/Foundation/Support/Providers/RouteServiceProvider.php(59): Illuminate/Foundation/Support/Providers/RouteServiceProvider->loadRoutes()
#11 C:/Users/andre/Documents/S4/Qualité/TP/Jeu_Quiz/projet/vendor/laravel/framework/src/Illuminate/Container/BoundMethod.php(36): Illuminate/Foundation/Support/Providers/RouteServiceProvider->{closure:Illuminate/Foundation/Support/Providers/RouteServiceProvider::register():53}()
#12 C:/Users/andre/Documents/S4/Qualité/TP/Jeu_Quiz/projet/vendor/laravel/framework/src/Illuminate/Container/Util.php(43): Illuminate/Container/BoundMethod::{closure:Illuminate/Container/BoundMethod::call():35}()
#13 C:/Users/andre/Documents/S4/Qualité/TP/Jeu_Quiz/projet/vendor/laravel/framework/src/Illuminate/Container/BoundMethod.php(84): Illuminate/Container/Util::unwrapIfClosure(Object(Closure))
#14 C:/Users/andre/Documents/S4/Qualité/TP/Jeu_Quiz/projet/vendor/laravel/framework/src/Illuminate/Container/BoundMethod.php(35): Illuminate/Container/BoundMethod::callBoundMethod(Object(Illuminate/Foundation/Application), Object(Closure), Object(Closure))
#15 C:/Users/andre/Documents/S4/Qualité/TP/Jeu_Quiz/projet/vendor/laravel/framework/src/Illuminate/Container/Container.php(799): Illuminate/Container/BoundMethod::call(Object(Illuminate/Foundation/Application), Object(Closure), Array, NULL)
#16 C:/Users/andre/Documents/S4/Qualité/TP/Jeu_Quiz/projet/vendor/laravel/framework/src/Illuminate/Support/ServiceProvider.php(150): Illuminate/Container/Container->call(Object(Closure))
#17 C:/Users/andre/Documents/S4/Qualité/TP/Jeu_Quiz/projet/vendor/laravel/framework/src/Illuminate/Foundation/Application.php(1154): Illuminate/Support/ServiceProvider->callBootedCallbacks()
#18 C:/Users/andre/Documents/S4/Qualité/TP/Jeu_Quiz/projet/vendor/laravel/framework/src/Illuminate/Foundation/Application.php(1132): Illuminate/Foundation/Application->bootProvider(Object(Illuminate/Foundation/Support/Providers/RouteServiceProvider))
#19 [internal function]: Illuminate/Foundation/Application->{closure:Illuminate/Foundation/Application::boot():1131}(Object(Illuminate/Foundation/Support/Providers/RouteServiceProvider), 'Illuminate//Foun...')
#20 C:/Users/andre/Documents/S4/Qualité/TP/Jeu_Quiz/projet/vendor/laravel/framework/src/Illuminate/Foundation/Application.php(1131): array_walk(Array, Object(Closure))
#21 C:/Users/andre/Documents/S4/Qualité/TP/Jeu_Quiz/projet/vendor/laravel/framework/src/Illuminate/Foundation/Bootstrap/BootProviders.php(17): Illuminate/Foundation/Application->boot()
#22 C:/Users/andre/Documents/S4/Qualité/TP/Jeu_Quiz/projet/vendor/laravel/framework/src/Illuminate/Foundation/Application.php(342): Illuminate/Foundation/Bootstrap/BootProviders->bootstrap(Object(Illuminate/Foundation/Application))
#23 C:/Users/andre/Documents/S4/Qualité/TP/Jeu_Quiz/projet/vendor/laravel/framework/src/Illuminate/Foundation/Console/Kernel.php(494): Illuminate/Foundation/Application->bootstrapWith(Array)
#24 C:/Users/andre/Documents/S4/Qualité/TP/Jeu_Quiz/projet/vendor/laravel/framework/src/Illuminate/Foundation/Console/Kernel.php(196): Illuminate/Foundation/Console/Kernel->bootstrap()
#25 C:/Users/andre/Documents/S4/Qualité/TP/Jeu_Quiz/projet/vendor/laravel/framework/src/Illuminate/Foundation/Application.php(1235): Illuminate/Foundation/Console/Kernel->handle(Object(Symfony/Component/Console/Input/ArgvInput), Object(Symfony/Component/Console/Output/ConsoleOutput))
#26 C:/Users/andre/Documents/S4/Qualité/TP/Jeu_Quiz/projet/artisan(16): Illuminate/Foundation/Application->handleCommand(Object(Symfony/Component/Console/Input/ArgvInput))
#27 {main}
"} 
[2026-05-03 09:19:10] local.ERROR: syntax error, unexpected end of file {"exception":"[object] (ParseError(code: 0): syntax error, unexpected end of file at C:/Users/andre/Documents/S4/Qualité/TP/Jeu_Quiz/projet/routes/web.php:6)
[stacktrace]
#0 C:/Users/andre/Documents/S4/Qualité/TP/Jeu_Quiz/projet/vendor/laravel/framework/src/Illuminate/Routing/Router.php(526): Illuminate/Routing/RouteFileRegistrar->register('C://Users//andre//...')
#1 C:/Users/andre/Documents/S4/Qualité/TP/Jeu_Quiz/projet/vendor/laravel/framework/src/Illuminate/Routing/Router.php(480): Illuminate/Routing/Router->loadRoutes('C://Users//andre//...')
#2 C:/Users/andre/Documents/S4/Qualité/TP/Jeu_Quiz/projet/vendor/laravel/framework/src/Illuminate/Routing/RouteRegistrar.php(212): Illuminate/Routing/Router->group(Array, 'C://Users//andre//...')
#3 C:/Users/andre/Documents/S4/Qualité/TP/Jeu_Quiz/projet/vendor/laravel/framework/src/Illuminate/Foundation/Configuration/ApplicationBuilder.php(260): Illuminate/Routing/RouteRegistrar->group('C://Users//andre//...')
#4 C:/Users/andre/Documents/S4/Qualité/TP/Jeu_Quiz/projet/vendor/laravel/framework/src/Illuminate/Container/BoundMethod.php(36): Illuminate/Foundation/Configuration/ApplicationBuilder->{closure:Illuminate/Foundation/Configuration/ApplicationBuilder::buildRoutingCallback():209}()
#5 C:/Users/andre/Documents/S4/Qualité/TP/Jeu_Quiz/projet/vendor/laravel/framework/src/Illuminate/Container/Util.php(43): Illuminate/Container/BoundMethod::{closure:Illuminate/Container/BoundMethod::call():35}()
#6 C:/Users/andre/Documents/S4/Qualité/TP/Jeu_Quiz/projet/vendor/laravel/framework/src/Illuminate/Container/BoundMethod.php(84): Illuminate/Container/Util::unwrapIfClosure(Object(Closure))
#7 C:/Users/andre/Documents/S4/Qualité/TP/Jeu_Quiz/projet/vendor/laravel/framework/src/Illuminate/Container/BoundMethod.php(35): Illuminate/Container/BoundMethod::callBoundMethod(Object(Illuminate/Foundation/Application), Object(Closure), Object(Closure))
#8 C:/Users/andre/Documents/S4/Qualité/TP/Jeu_Quiz/projet/vendor/laravel/framework/src/Illuminate/Container/Container.php(799): Illuminate/Container/BoundMethod::call(Object(Illuminate/Foundation/Application), Object(Closure), Array, NULL)
#9 C:/Users/andre/Documents/S4/Qualité/TP/Jeu_Quiz/projet/vendor/laravel/framework/src/Illuminate/Foundation/Support/Providers/RouteServiceProvider.php(162): Illuminate/Container/Container->call(Object(Closure))
#10 C:/Users/andre/Documents/S4/Qualité/TP/Jeu_Quiz/projet/vendor/laravel/framework/src/Illuminate/Foundation/Support/Providers/RouteServiceProvider.php(59): Illuminate/Foundation/Support/Providers/RouteServiceProvider->loadRoutes()
#11 C:/Users/andre/Documents/S4/Qualité/TP/Jeu_Quiz/projet/vendor/laravel/framework/src/Illuminate/Container/BoundMethod.php(36): Illuminate/Foundation/Support/Providers/RouteServiceProvider->{closure:Illuminate/Foundation/Support/Providers/RouteServiceProvider::register():53}()
#12 C:/Users/andre/Documents/S4/Qualité/TP/Jeu_Quiz/projet/vendor/laravel/framework/src/Illuminate/Container/Util.php(43): Illuminate/Container/BoundMethod::{closure:Illuminate/Container/BoundMethod::call():35}()
#13 C:/Users/andre/Documents/S4/Qualité/TP/Jeu_Quiz/projet/vendor/laravel/framework/src/Illuminate/Container/BoundMethod.php(84): Illuminate/Container/Util::unwrapIfClosure(Object(Closure))
#14 C:/Users/andre/Documents/S4/Qualité/TP/Jeu_Quiz/projet/vendor/laravel/framework/src/Illuminate/Container/BoundMethod.php(35): Illuminate/Container/BoundMethod::callBoundMethod(Object(Illuminate/Foundation/Application), Object(Closure), Object(Closure))
#15 C:/Users/andre/Documents/S4/Qualité/TP/Jeu_Quiz/projet/vendor/laravel/framework/src/Illuminate/Container/Container.php(799): Illuminate/Container/BoundMethod::call(Object(Illuminate/Foundation/Application), Object(Closure), Array, NULL)
#16 C:/Users/andre/Documents/S4/Qualité/TP/Jeu_Quiz/projet/vendor/laravel/framework/src/Illuminate/Support/ServiceProvider.php(150): Illuminate/Container/Container->call(Object(Closure))
#17 C:/Users/andre/Documents/S4/Qualité/TP/Jeu_Quiz/projet/vendor/laravel/framework/src/Illuminate/Foundation/Application.php(1154): Illuminate/Support/ServiceProvider->callBootedCallbacks()
#18 C:/Users/andre/Documents/S4/Qualité/TP/Jeu_Quiz/projet/vendor/laravel/framework/src/Illuminate/Foundation/Application.php(1132): Illuminate/Foundation/Application->bootProvider(Object(Illuminate/Foundation/Support/Providers/RouteServiceProvider))
#19 [internal function]: Illuminate/Foundation/Application->{closure:Illuminate/Foundation/Application::boot():1131}(Object(Illuminate/Foundation/Support/Providers/RouteServiceProvider), 'Illuminate//Foun...')
#20 C:/Users/andre/Documents/S4/Qualité/TP/Jeu_Quiz/projet/vendor/laravel/framework/src/Illuminate/Foundation/Application.php(1131): array_walk(Array, Object(Closure))
#21 C:/Users/andre/Documents/S4/Qualité/TP/Jeu_Quiz/projet/vendor/laravel/framework/src/Illuminate/Foundation/Bootstrap/BootProviders.php(17): Illuminate/Foundation/Application->boot()
#22 C:/Users/andre/Documents/S4/Qualité/TP/Jeu_Quiz/projet/vendor/laravel/framework/src/Illuminate/Foundation/Application.php(342): Illuminate/Foundation/Bootstrap/BootProviders->bootstrap(Object(Illuminate/Foundation/Application))
#23 C:/Users/andre/Documents/S4/Qualité/TP/Jeu_Quiz/projet/vendor/laravel/framework/src/Illuminate/Foundation/Console/Kernel.php(494): Illuminate/Foundation/Application->bootstrapWith(Array)
#24 C:/Users/andre/Documents/S4/Qualité/TP/Jeu_Quiz/projet/vendor/laravel/framework/src/Illuminate/Foundation/Console/Kernel.php(196): Illuminate/Foundation/Console/Kernel->bootstrap()
#25 C:/Users/andre/Documents/S4/Qualité/TP/Jeu_Quiz/projet/vendor/laravel/framework/src/Illuminate/Foundation/Application.php(1235): Illuminate/Foundation/Console/Kernel->handle(Object(Symfony/Component/Console/Input/ArgvInput), Object(Symfony/Component/Console/Output/ConsoleOutput))
#26 C:/Users/andre/Documents/S4/Qualité/TP/Jeu_Quiz/projet/artisan(16): Illuminate/Foundation/Application->handleCommand(Object(Symfony/Component/Console/Input/ArgvInput))
#27 {main}
"} 
[2026-05-03 09:19:14] local.ERROR: syntax error, unexpected end of file {"exception":"[object] (ParseError(code: 0): syntax error, unexpected end of file at C:/Users/andre/Documents/S4/Qualité/TP/Jeu_Quiz/projet/routes/web.php:6)
[stacktrace]
#0 C:/Users/andre/Documents/S4/Qualité/TP/Jeu_Quiz/projet/vendor/laravel/framework/src/Illuminate/Routing/Router.php(526): Illuminate/Routing/RouteFileRegistrar->register('C://Users//andre//...')
#1 C:/Users/andre/Documents/S4/Qualité/TP/Jeu_Quiz/projet/vendor/laravel/framework/src/Illuminate/Routing/Router.php(480): Illuminate/Routing/Router->loadRoutes('C://Users//andre//...')
#2 C:/Users/andre/Documents/S4/Qualité/TP/Jeu_Quiz/projet/vendor/laravel/framework/src/Illuminate/Routing/RouteRegistrar.php(212): Illuminate/Routing/Router->group(Array, 'C://Users//andre//...')
#3 C:/Users/andre/Documents/S4/Qualité/TP/Jeu_Quiz/projet/vendor/laravel/framework/src/Illuminate/Foundation/Configuration/ApplicationBuilder.php(260): Illuminate/Routing/RouteRegistrar->group('C://Users//andre//...')
#4 C:/Users/andre/Documents/S4/Qualité/TP/Jeu_Quiz/projet/vendor/laravel/framework/src/Illuminate/Container/BoundMethod.php(36): Illuminate/Foundation/Configuration/ApplicationBuilder->{closure:Illuminate/Foundation/Configuration/ApplicationBuilder::buildRoutingCallback():209}()
#5 C:/Users/andre/Documents/S4/Qualité/TP/Jeu_Quiz/projet/vendor/laravel/framework/src/Illuminate/Container/Util.php(43): Illuminate/Container/BoundMethod::{closure:Illuminate/Container/BoundMethod::call():35}()
#6 C:/Users/andre/Documents/S4/Qualité/TP/Jeu_Quiz/projet/vendor/laravel/framework/src/Illuminate/Container/BoundMethod.php(84): Illuminate/Container/Util::unwrapIfClosure(Object(Closure))
#7 C:/Users/andre/Documents/S4/Qualité/TP/Jeu_Quiz/projet/vendor/laravel/framework/src/Illuminate/Container/BoundMethod.php(35): Illuminate/Container/BoundMethod::callBoundMethod(Object(Illuminate/Foundation/Application), Object(Closure), Object(Closure))
#8 C:/Users/andre/Documents/S4/Qualité/TP/Jeu_Quiz/projet/vendor/laravel/framework/src/Illuminate/Container/Container.php(799): Illuminate/Container/BoundMethod::call(Object(Illuminate/Foundation/Application), Object(Closure), Array, NULL)
#9 C:/Users/andre/Documents/S4/Qualité/TP/Jeu_Quiz/projet/vendor/laravel/framework/src/Illuminate/Foundation/Support/Providers/RouteServiceProvider.php(162): Illuminate/Container/Container->call(Object(Closure))
#10 C:/Users/andre/Documents/S4/Qualité/TP/Jeu_Quiz/projet/vendor/laravel/framework/src/Illuminate/Foundation/Support/Providers/RouteServiceProvider.php(59): Illuminate/Foundation/Support/Providers/RouteServiceProvider->loadRoutes()
#11 C:/Users/andre/Documents/S4/Qualité/TP/Jeu_Quiz/projet/vendor/laravel/framework/src/Illuminate/Container/BoundMethod.php(36): Illuminate/Foundation/Support/Providers/RouteServiceProvider->{closure:Illuminate/Foundation/Support/Providers/RouteServiceProvider::register():53}()
#12 C:/Users/andre/Documents/S4/Qualité/TP/Jeu_Quiz/projet/vendor/laravel/framework/src/Illuminate/Container/Util.php(43): Illuminate/Container/BoundMethod::{closure:Illuminate/Container/BoundMethod::call():35}()
#13 C:/Users/andre/Documents/S4/Qualité/TP/Jeu_Quiz/projet/vendor/laravel/framework/src/Illuminate/Container/BoundMethod.php(84): Illuminate/Container/Util::unwrapIfClosure(Object(Closure))
#14 C:/Users/andre/Documents/S4/Qualité/TP/Jeu_Quiz/projet/vendor/laravel/framework/src/Illuminate/Container/BoundMethod.php(35): Illuminate/Container/BoundMethod::callBoundMethod(Object(Illuminate/Foundation/Application), Object(Closure), Object(Closure))
#15 C:/Users/andre/Documents/S4/Qualité/TP/Jeu_Quiz/projet/vendor/laravel/framework/src/Illuminate/Container/Container.php(799): Illuminate/Container/BoundMethod::call(Object(Illuminate/Foundation/Application), Object(Closure), Array, NULL)
#16 C:/Users/andre/Documents/S4/Qualité/TP/Jeu_Quiz/projet/vendor/laravel/framework/src/Illuminate/Support/ServiceProvider.php(150): Illuminate/Container/Container->call(Object(Closure))
#17 C:/Users/andre/Documents/S4/Qualité/TP/Jeu_Quiz/projet/vendor/laravel/framework/src/Illuminate/Foundation/Application.php(1154): Illuminate/Support/ServiceProvider->callBootedCallbacks()
#18 C:/Users/andre/Documents/S4/Qualité/TP/Jeu_Quiz/projet/vendor/laravel/framework/src/Illuminate/Foundation/Application.php(1132): Illuminate/Foundation/Application->bootProvider(Object(Illuminate/Foundation/Support/Providers/RouteServiceProvider))
#19 [internal function]: Illuminate/Foundation/Application->{closure:Illuminate/Foundation/Application::boot():1131}(Object(Illuminate/Foundation/Support/Providers/RouteServiceProvider), 'Illuminate//Foun...')
#20 C:/Users/andre/Documents/S4/Qualité/TP/Jeu_Quiz/projet/vendor/laravel/framework/src/Illuminate/Foundation/Application.php(1131): array_walk(Array, Object(Closure))
#21 C:/Users/andre/Documents/S4/Qualité/TP/Jeu_Quiz/projet/vendor/laravel/framework/src/Illuminate/Foundation/Bootstrap/BootProviders.php(17): Illuminate/Foundation/Application->boot()
#22 C:/Users/andre/Documents/S4/Qualité/TP/Jeu_Quiz/projet/vendor/laravel/framework/src/Illuminate/Foundation/Application.php(342): Illuminate/Foundation/Bootstrap/BootProviders->bootstrap(Object(Illuminate/Foundation/Application))
#23 C:/Users/andre/Documents/S4/Qualité/TP/Jeu_Quiz/projet/vendor/laravel/framework/src/Illuminate/Foundation/Console/Kernel.php(494): Illuminate/Foundation/Application->bootstrapWith(Array)
#24 C:/Users/andre/Documents/S4/Qualité/TP/Jeu_Quiz/projet/vendor/laravel/framework/src/Illuminate/Foundation/Console/Kernel.php(196): Illuminate/Foundation/Console/Kernel->bootstrap()
#25 C:/Users/andre/Documents/S4/Qualité/TP/Jeu_Quiz/projet/vendor/laravel/framework/src/Illuminate/Foundation/Application.php(1235): Illuminate/Foundation/Console/Kernel->handle(Object(Symfony/Component/Console/Input/ArgvInput), Object(Symfony/Component/Console/Output/ConsoleOutput))
#26 C:/Users/andre/Documents/S4/Qualité/TP/Jeu_Quiz/projet/artisan(16): Illuminate/Foundation/Application->handleCommand(Object(Symfony/Component/Console/Input/ArgvInput))
#27 {main}
"} 
[2026-05-03 09:19:14] local.ERROR: syntax error, unexpected end of file {"exception":"[object] (ParseError(code: 0): syntax error, unexpected end of file at C:/Users/andre/Documents/S4/Qualité/TP/Jeu_Quiz/projet/routes/web.php:6)
[stacktrace]
#0 C:/Users/andre/Documents/S4/Qualité/TP/Jeu_Quiz/projet/vendor/laravel/framework/src/Illuminate/Routing/Router.php(526): Illuminate/Routing/RouteFileRegistrar->register('C://Users//andre//...')
#1 C:/Users/andre/Documents/S4/Qualité/TP/Jeu_Quiz/projet/vendor/laravel/framework/src/Illuminate/Routing/Router.php(480): Illuminate/Routing/Router->loadRoutes('C://Users//andre//...')
#2 C:/Users/andre/Documents/S4/Qualité/TP/Jeu_Quiz/projet/vendor/laravel/framework/src/Illuminate/Routing/RouteRegistrar.php(212): Illuminate/Routing/Router->group(Array, 'C://Users//andre//...')
#3 C:/Users/andre/Documents/S4/Qualité/TP/Jeu_Quiz/projet/vendor/laravel/framework/src/Illuminate/Foundation/Configuration/ApplicationBuilder.php(260): Illuminate/Routing/RouteRegistrar->group('C://Users//andre//...')
#4 C:/Users/andre/Documents/S4/Qualité/TP/Jeu_Quiz/projet/vendor/laravel/framework/src/Illuminate/Container/BoundMethod.php(36): Illuminate/Foundation/Configuration/ApplicationBuilder->{closure:Illuminate/Foundation/Configuration/ApplicationBuilder::buildRoutingCallback():209}()
#5 C:/Users/andre/Documents/S4/Qualité/TP/Jeu_Quiz/projet/vendor/laravel/framework/src/Illuminate/Container/Util.php(43): Illuminate/Container/BoundMethod::{closure:Illuminate/Container/BoundMethod::call():35}()
#6 C:/Users/andre/Documents/S4/Qualité/TP/Jeu_Quiz/projet/vendor/laravel/framework/src/Illuminate/Container/BoundMethod.php(84): Illuminate/Container/Util::unwrapIfClosure(Object(Closure))
#7 C:/Users/andre/Documents/S4/Qualité/TP/Jeu_Quiz/projet/vendor/laravel/framework/src/Illuminate/Container/BoundMethod.php(35): Illuminate/Container/BoundMethod::callBoundMethod(Object(Illuminate/Foundation/Application), Object(Closure), Object(Closure))
#8 C:/Users/andre/Documents/S4/Qualité/TP/Jeu_Quiz/projet/vendor/laravel/framework/src/Illuminate/Container/Container.php(799): Illuminate/Container/BoundMethod::call(Object(Illuminate/Foundation/Application), Object(Closure), Array, NULL)
#9 C:/Users/andre/Documents/S4/Qualité/TP/Jeu_Quiz/projet/vendor/laravel/framework/src/Illuminate/Foundation/Support/Providers/RouteServiceProvider.php(162): Illuminate/Container/Container->call(Object(Closure))
#10 C:/Users/andre/Documents/S4/Qualité/TP/Jeu_Quiz/projet/vendor/laravel/framework/src/Illuminate/Foundation/Support/Providers/RouteServiceProvider.php(59): Illuminate/Foundation/Support/Providers/RouteServiceProvider->loadRoutes()
#11 C:/Users/andre/Documents/S4/Qualité/TP/Jeu_Quiz/projet/vendor/laravel/framework/src/Illuminate/Container/BoundMethod.php(36): Illuminate/Foundation/Support/Providers/RouteServiceProvider->{closure:Illuminate/Foundation/Support/Providers/RouteServiceProvider::register():53}()
#12 C:/Users/andre/Documents/S4/Qualité/TP/Jeu_Quiz/projet/vendor/laravel/framework/src/Illuminate/Container/Util.php(43): Illuminate/Container/BoundMethod::{closure:Illuminate/Container/BoundMethod::call():35}()
#13 C:/Users/andre/Documents/S4/Qualité/TP/Jeu_Quiz/projet/vendor/laravel/framework/src/Illuminate/Container/BoundMethod.php(84): Illuminate/Container/Util::unwrapIfClosure(Object(Closure))
#14 C:/Users/andre/Documents/S4/Qualité/TP/Jeu_Quiz/projet/vendor/laravel/framework/src/Illuminate/Container/BoundMethod.php(35): Illuminate/Container/BoundMethod::callBoundMethod(Object(Illuminate/Foundation/Application), Object(Closure), Object(Closure))
#15 C:/Users/andre/Documents/S4/Qualité/TP/Jeu_Quiz/projet/vendor/laravel/framework/src/Illuminate/Container/Container.php(799): Illuminate/Container/BoundMethod::call(Object(Illuminate/Foundation/Application), Object(Closure), Array, NULL)
#16 C:/Users/andre/Documents/S4/Qualité/TP/Jeu_Quiz/projet/vendor/laravel/framework/src/Illuminate/Support/ServiceProvider.php(150): Illuminate/Container/Container->call(Object(Closure))
#17 C:/Users/andre/Documents/S4/Qualité/TP/Jeu_Quiz/projet/vendor/laravel/framework/src/Illuminate/Foundation/Application.php(1154): Illuminate/Support/ServiceProvider->callBootedCallbacks()
#18 C:/Users/andre/Documents/S4/Qualité/TP/Jeu_Quiz/projet/vendor/laravel/framework/src/Illuminate/Foundation/Application.php(1132): Illuminate/Foundation/Application->bootProvider(Object(Illuminate/Foundation/Support/Providers/RouteServiceProvider))
#19 [internal function]: Illuminate/Foundation/Application->{closure:Illuminate/Foundation/Application::boot():1131}(Object(Illuminate/Foundation/Support/Providers/RouteServiceProvider), 'Illuminate//Foun...')
#20 C:/Users/andre/Documents/S4/Qualité/TP/Jeu_Quiz/projet/vendor/laravel/framework/src/Illuminate/Foundation/Application.php(1131): array_walk(Array, Object(Closure))
#21 C:/Users/andre/Documents/S4/Qualité/TP/Jeu_Quiz/projet/vendor/laravel/framework/src/Illuminate/Foundation/Bootstrap/BootProviders.php(17): Illuminate/Foundation/Application->boot()
#22 C:/Users/andre/Documents/S4/Qualité/TP/Jeu_Quiz/projet/vendor/laravel/framework/src/Illuminate/Foundation/Application.php(342): Illuminate/Foundation/Bootstrap/BootProviders->bootstrap(Object(Illuminate/Foundation/Application))
#23 C:/Users/andre/Documents/S4/Qualité/TP/Jeu_Quiz/projet/vendor/laravel/framework/src/Illuminate/Foundation/Console/Kernel.php(494): Illuminate/Foundation/Application->bootstrapWith(Array)
#24 C:/Users/andre/Documents/S4/Qualité/TP/Jeu_Quiz/projet/vendor/laravel/framework/src/Illuminate/Foundation/Console/Kernel.php(196): Illuminate/Foundation/Console/Kernel->bootstrap()
#25 C:/Users/andre/Documents/S4/Qualité/TP/Jeu_Quiz/projet/vendor/laravel/framework/src/Illuminate/Foundation/Application.php(1235): Illuminate/Foundation/Console/Kernel->handle(Object(Symfony/Component/Console/Input/ArgvInput), Object(Symfony/Component/Console/Output/ConsoleOutput))
#26 C:/Users/andre/Documents/S4/Qualité/TP/Jeu_Quiz/projet/artisan(16): Illuminate/Foundation/Application->handleCommand(Object(Symfony/Component/Console/Input/ArgvInput))
#27 {main}
"} 
[2026-05-03 09:19:15] local.ERROR: syntax error, unexpected end of file {"exception":"[object] (ParseError(code: 0): syntax error, unexpected end of file at C:/Users/andre/Documents/S4/Qualité/TP/Jeu_Quiz/projet/routes/web.php:6)
[stacktrace]
#0 C:/Users/andre/Documents/S4/Qualité/TP/Jeu_Quiz/projet/vendor/laravel/framework/src/Illuminate/Routing/Router.php(526): Illuminate/Routing/RouteFileRegistrar->register('C://Users//andre//...')
#1 C:/Users/andre/Documents/S4/Qualité/TP/Jeu_Quiz/projet/vendor/laravel/framework/src/Illuminate/Routing/Router.php(480): Illuminate/Routing/Router->loadRoutes('C://Users//andre//...')
#2 C:/Users/andre/Documents/S4/Qualité/TP/Jeu_Quiz/projet/vendor/laravel/framework/src/Illuminate/Routing/RouteRegistrar.php(212): Illuminate/Routing/Router->group(Array, 'C://Users//andre//...')
#3 C:/Users/andre/Documents/S4/Qualité/TP/Jeu_Quiz/projet/vendor/laravel/framework/src/Illuminate/Foundation/Configuration/ApplicationBuilder.php(260): Illuminate/Routing/RouteRegistrar->group('C://Users//andre//...')
#4 C:/Users/andre/Documents/S4/Qualité/TP/Jeu_Quiz/projet/vendor/laravel/framework/src/Illuminate/Container/BoundMethod.php(36): Illuminate/Foundation/Configuration/ApplicationBuilder->{closure:Illuminate/Foundation/Configuration/ApplicationBuilder::buildRoutingCallback():209}()
#5 C:/Users/andre/Documents/S4/Qualité/TP/Jeu_Quiz/projet/vendor/laravel/framework/src/Illuminate/Container/Util.php(43): Illuminate/Container/BoundMethod::{closure:Illuminate/Container/BoundMethod::call():35}()
#6 C:/Users/andre/Documents/S4/Qualité/TP/Jeu_Quiz/projet/vendor/laravel/framework/src/Illuminate/Container/BoundMethod.php(84): Illuminate/Container/Util::unwrapIfClosure(Object(Closure))
#7 C:/Users/andre/Documents/S4/Qualité/TP/Jeu_Quiz/projet/vendor/laravel/framework/src/Illuminate/Container/BoundMethod.php(35): Illuminate/Container/BoundMethod::callBoundMethod(Object(Illuminate/Foundation/Application), Object(Closure), Object(Closure))
#8 C:/Users/andre/Documents/S4/Qualité/TP/Jeu_Quiz/projet/vendor/laravel/framework/src/Illuminate/Container/Container.php(799): Illuminate/Container/BoundMethod::call(Object(Illuminate/Foundation/Application), Object(Closure), Array, NULL)
#9 C:/Users/andre/Documents/S4/Qualité/TP/Jeu_Quiz/projet/vendor/laravel/framework/src/Illuminate/Foundation/Support/Providers/RouteServiceProvider.php(162): Illuminate/Container/Container->call(Object(Closure))
#10 C:/Users/andre/Documents/S4/Qualité/TP/Jeu_Quiz/projet/vendor/laravel/framework/src/Illuminate/Foundation/Support/Providers/RouteServiceProvider.php(59): Illuminate/Foundation/Support/Providers/RouteServiceProvider->loadRoutes()
#11 C:/Users/andre/Documents/S4/Qualité/TP/Jeu_Quiz/projet/vendor/laravel/framework/src/Illuminate/Container/BoundMethod.php(36): Illuminate/Foundation/Support/Providers/RouteServiceProvider->{closure:Illuminate/Foundation/Support/Providers/RouteServiceProvider::register():53}()
#12 C:/Users/andre/Documents/S4/Qualité/TP/Jeu_Quiz/projet/vendor/laravel/framework/src/Illuminate/Container/Util.php(43): Illuminate/Container/BoundMethod::{closure:Illuminate/Container/BoundMethod::call():35}()
#13 C:/Users/andre/Documents/S4/Qualité/TP/Jeu_Quiz/projet/vendor/laravel/framework/src/Illuminate/Container/BoundMethod.php(84): Illuminate/Container/Util::unwrapIfClosure(Object(Closure))
#14 C:/Users/andre/Documents/S4/Qualité/TP/Jeu_Quiz/projet/vendor/laravel/framework/src/Illuminate/Container/BoundMethod.php(35): Illuminate/Container/BoundMethod::callBoundMethod(Object(Illuminate/Foundation/Application), Object(Closure), Object(Closure))
#15 C:/Users/andre/Documents/S4/Qualité/TP/Jeu_Quiz/projet/vendor/laravel/framework/src/Illuminate/Container/Container.php(799): Illuminate/Container/BoundMethod::call(Object(Illuminate/Foundation/Application), Object(Closure), Array, NULL)
#16 C:/Users/andre/Documents/S4/Qualité/TP/Jeu_Quiz/projet/vendor/laravel/framework/src/Illuminate/Support/ServiceProvider.php(150): Illuminate/Container/Container->call(Object(Closure))
#17 C:/Users/andre/Documents/S4/Qualité/TP/Jeu_Quiz/projet/vendor/laravel/framework/src/Illuminate/Foundation/Application.php(1154): Illuminate/Support/ServiceProvider->callBootedCallbacks()
#18 C:/Users/andre/Documents/S4/Qualité/TP/Jeu_Quiz/projet/vendor/laravel/framework/src/Illuminate/Foundation/Application.php(1132): Illuminate/Foundation/Application->bootProvider(Object(Illuminate/Foundation/Support/Providers/RouteServiceProvider))
#19 [internal function]: Illuminate/Foundation/Application->{closure:Illuminate/Foundation/Application::boot():1131}(Object(Illuminate/Foundation/Support/Providers/RouteServiceProvider), 'Illuminate//Foun...')
#20 C:/Users/andre/Documents/S4/Qualité/TP/Jeu_Quiz/projet/vendor/laravel/framework/src/Illuminate/Foundation/Application.php(1131): array_walk(Array, Object(Closure))
#21 C:/Users/andre/Documents/S4/Qualité/TP/Jeu_Quiz/projet/vendor/laravel/framework/src/Illuminate/Foundation/Bootstrap/BootProviders.php(17): Illuminate/Foundation/Application->boot()
#22 C:/Users/andre/Documents/S4/Qualité/TP/Jeu_Quiz/projet/vendor/laravel/framework/src/Illuminate/Foundation/Application.php(342): Illuminate/Foundation/Bootstrap/BootProviders->bootstrap(Object(Illuminate/Foundation/Application))
#23 C:/Users/andre/Documents/S4/Qualité/TP/Jeu_Quiz/projet/vendor/laravel/framework/src/Illuminate/Foundation/Http/Kernel.php(186): Illuminate/Foundation/Application->bootstrapWith(Array)
#24 C:/Users/andre/Documents/S4/Qualité/TP/Jeu_Quiz/projet/vendor/laravel/framework/src/Illuminate/Foundation/Http/Kernel.php(170): Illuminate/Foundation/Http/Kernel->bootstrap()
#25 C:/Users/andre/Documents/S4/Qualité/TP/Jeu_Quiz/projet/vendor/laravel/framework/src/Illuminate/Foundation/Http/Kernel.php(144): Illuminate/Foundation/Http/Kernel->sendRequestThroughRouter(Object(Illuminate/Http/Request))
#26 C:/Users/andre/Documents/S4/Qualité/TP/Jeu_Quiz/projet/vendor/laravel/framework/src/Illuminate/Foundation/Application.php(1220): Illuminate/Foundation/Http/Kernel->handle(Object(Illuminate/Http/Request))
#27 C:/Users/andre/Documents/S4/Qualité/TP/Jeu_Quiz/projet/public/index.php(20): Illuminate/Foundation/Application->handleRequest(Object(Illuminate/Http/Request))
#28 C:/Users/andre/Documents/S4/Qualité/TP/Jeu_Quiz/projet/vendor/laravel/framework/src/Illuminate/Foundation/resources/server.php(23): require_once('C://Users//andre//...')
#29 {main}
"} 
[2026-05-03 09:19:16] local.ERROR: syntax error, unexpected end of file {"exception":"[object] (ParseError(code: 0): syntax error, unexpected end of file at C:/Users/andre/Documents/S4/Qualité/TP/Jeu_Quiz/projet/routes/web.php:6)
[stacktrace]
#0 C:/Users/andre/Documents/S4/Qualité/TP/Jeu_Quiz/projet/vendor/laravel/framework/src/Illuminate/Routing/Router.php(526): Illuminate/Routing/RouteFileRegistrar->register('C://Users//andre//...')
#1 C:/Users/andre/Documents/S4/Qualité/TP/Jeu_Quiz/projet/vendor/laravel/framework/src/Illuminate/Routing/Router.php(480): Illuminate/Routing/Router->loadRoutes('C://Users//andre//...')
#2 C:/Users/andre/Documents/S4/Qualité/TP/Jeu_Quiz/projet/vendor/laravel/framework/src/Illuminate/Routing/RouteRegistrar.php(212): Illuminate/Routing/Router->group(Array, 'C://Users//andre//...')
#3 C:/Users/andre/Documents/S4/Qualité/TP/Jeu_Quiz/projet/vendor/laravel/framework/src/Illuminate/Foundation/Configuration/ApplicationBuilder.php(260): Illuminate/Routing/RouteRegistrar->group('C://Users//andre//...')
#4 C:/Users/andre/Documents/S4/Qualité/TP/Jeu_Quiz/projet/vendor/laravel/framework/src/Illuminate/Container/BoundMethod.php(36): Illuminate/Foundation/Configuration/ApplicationBuilder->{closure:Illuminate/Foundation/Configuration/ApplicationBuilder::buildRoutingCallback():209}()
#5 C:/Users/andre/Documents/S4/Qualité/TP/Jeu_Quiz/projet/vendor/laravel/framework/src/Illuminate/Container/Util.php(43): Illuminate/Container/BoundMethod::{closure:Illuminate/Container/BoundMethod::call():35}()
#6 C:/Users/andre/Documents/S4/Qualité/TP/Jeu_Quiz/projet/vendor/laravel/framework/src/Illuminate/Container/BoundMethod.php(84): Illuminate/Container/Util::unwrapIfClosure(Object(Closure))
#7 C:/Users/andre/Documents/S4/Qualité/TP/Jeu_Quiz/projet/vendor/laravel/framework/src/Illuminate/Container/BoundMethod.php(35): Illuminate/Container/BoundMethod::callBoundMethod(Object(Illuminate/Foundation/Application), Object(Closure), Object(Closure))
#8 C:/Users/andre/Documents/S4/Qualité/TP/Jeu_Quiz/projet/vendor/laravel/framework/src/Illuminate/Container/Container.php(799): Illuminate/Container/BoundMethod::call(Object(Illuminate/Foundation/Application), Object(Closure), Array, NULL)
#9 C:/Users/andre/Documents/S4/Qualité/TP/Jeu_Quiz/projet/vendor/laravel/framework/src/Illuminate/Foundation/Support/Providers/RouteServiceProvider.php(162): Illuminate/Container/Container->call(Object(Closure))
#10 C:/Users/andre/Documents/S4/Qualité/TP/Jeu_Quiz/projet/vendor/laravel/framework/src/Illuminate/Foundation/Support/Providers/RouteServiceProvider.php(59): Illuminate/Foundation/Support/Providers/RouteServiceProvider->loadRoutes()
#11 C:/Users/andre/Documents/S4/Qualité/TP/Jeu_Quiz/projet/vendor/laravel/framework/src/Illuminate/Container/BoundMethod.php(36): Illuminate/Foundation/Support/Providers/RouteServiceProvider->{closure:Illuminate/Foundation/Support/Providers/RouteServiceProvider::register():53}()
#12 C:/Users/andre/Documents/S4/Qualité/TP/Jeu_Quiz/projet/vendor/laravel/framework/src/Illuminate/Container/Util.php(43): Illuminate/Container/BoundMethod::{closure:Illuminate/Container/BoundMethod::call():35}()
#13 C:/Users/andre/Documents/S4/Qualité/TP/Jeu_Quiz/projet/vendor/laravel/framework/src/Illuminate/Container/BoundMethod.php(84): Illuminate/Container/Util::unwrapIfClosure(Object(Closure))
#14 C:/Users/andre/Documents/S4/Qualité/TP/Jeu_Quiz/projet/vendor/laravel/framework/src/Illuminate/Container/BoundMethod.php(35): Illuminate/Container/BoundMethod::callBoundMethod(Object(Illuminate/Foundation/Application), Object(Closure), Object(Closure))
#15 C:/Users/andre/Documents/S4/Qualité/TP/Jeu_Quiz/projet/vendor/laravel/framework/src/Illuminate/Container/Container.php(799): Illuminate/Container/BoundMethod::call(Object(Illuminate/Foundation/Application), Object(Closure), Array, NULL)
#16 C:/Users/andre/Documents/S4/Qualité/TP/Jeu_Quiz/projet/vendor/laravel/framework/src/Illuminate/Support/ServiceProvider.php(150): Illuminate/Container/Container->call(Object(Closure))
#17 C:/Users/andre/Documents/S4/Qualité/TP/Jeu_Quiz/projet/vendor/laravel/framework/src/Illuminate/Foundation/Application.php(1154): Illuminate/Support/ServiceProvider->callBootedCallbacks()
#18 C:/Users/andre/Documents/S4/Qualité/TP/Jeu_Quiz/projet/vendor/laravel/framework/src/Illuminate/Foundation/Application.php(1132): Illuminate/Foundation/Application->bootProvider(Object(Illuminate/Foundation/Support/Providers/RouteServiceProvider))
#19 [internal function]: Illuminate/Foundation/Application->{closure:Illuminate/Foundation/Application::boot():1131}(Object(Illuminate/Foundation/Support/Providers/RouteServiceProvider), 'Illuminate//Foun...')
#20 C:/Users/andre/Documents/S4/Qualité/TP/Jeu_Quiz/projet/vendor/laravel/framework/src/Illuminate/Foundation/Application.php(1131): array_walk(Array, Object(Closure))
#21 C:/Users/andre/Documents/S4/Qualité/TP/Jeu_Quiz/projet/vendor/laravel/framework/src/Illuminate/Foundation/Bootstrap/BootProviders.php(17): Illuminate/Foundation/Application->boot()
#22 C:/Users/andre/Documents/S4/Qualité/TP/Jeu_Quiz/projet/vendor/laravel/framework/src/Illuminate/Foundation/Application.php(342): Illuminate/Foundation/Bootstrap/BootProviders->bootstrap(Object(Illuminate/Foundation/Application))
#23 C:/Users/andre/Documents/S4/Qualité/TP/Jeu_Quiz/projet/vendor/laravel/framework/src/Illuminate/Foundation/Http/Kernel.php(186): Illuminate/Foundation/Application->bootstrapWith(Array)
#24 C:/Users/andre/Documents/S4/Qualité/TP/Jeu_Quiz/projet/vendor/laravel/framework/src/Illuminate/Foundation/Http/Kernel.php(170): Illuminate/Foundation/Http/Kernel->bootstrap()
#25 C:/Users/andre/Documents/S4/Qualité/TP/Jeu_Quiz/projet/vendor/laravel/framework/src/Illuminate/Foundation/Http/Kernel.php(144): Illuminate/Foundation/Http/Kernel->sendRequestThroughRouter(Object(Illuminate/Http/Request))
#26 C:/Users/andre/Documents/S4/Qualité/TP/Jeu_Quiz/projet/vendor/laravel/framework/src/Illuminate/Foundation/Application.php(1220): Illuminate/Foundation/Http/Kernel->handle(Object(Illuminate/Http/Request))
#27 C:/Users/andre/Documents/S4/Qualité/TP/Jeu_Quiz/projet/public/index.php(20): Illuminate/Foundation/Application->handleRequest(Object(Illuminate/Http/Request))
#28 C:/Users/andre/Documents/S4/Qualité/TP/Jeu_Quiz/projet/vendor/laravel/framework/src/Illuminate/Foundation/resources/server.php(23): require_once('C://Users//andre//...')
#29 {main}
"} 
[2026-05-03 09:19:19] local.ERROR: syntax error, unexpected end of file {"exception":"[object] (ParseError(code: 0): syntax error, unexpected end of file at C:/Users/andre/Documents/S4/Qualité/TP/Jeu_Quiz/projet/routes/web.php:6)
[stacktrace]
#0 C:/Users/andre/Documents/S4/Qualité/TP/Jeu_Quiz/projet/vendor/laravel/framework/src/Illuminate/Routing/Router.php(526): Illuminate/Routing/RouteFileRegistrar->register('C://Users//andre//...')
#1 C:/Users/andre/Documents/S4/Qualité/TP/Jeu_Quiz/projet/vendor/laravel/framework/src/Illuminate/Routing/Router.php(480): Illuminate/Routing/Router->loadRoutes('C://Users//andre//...')
#2 C:/Users/andre/Documents/S4/Qualité/TP/Jeu_Quiz/projet/vendor/laravel/framework/src/Illuminate/Routing/RouteRegistrar.php(212): Illuminate/Routing/Router->group(Array, 'C://Users//andre//...')
#3 C:/Users/andre/Documents/S4/Qualité/TP/Jeu_Quiz/projet/vendor/laravel/framework/src/Illuminate/Foundation/Configuration/ApplicationBuilder.php(260): Illuminate/Routing/RouteRegistrar->group('C://Users//andre//...')
#4 C:/Users/andre/Documents/S4/Qualité/TP/Jeu_Quiz/projet/vendor/laravel/framework/src/Illuminate/Container/BoundMethod.php(36): Illuminate/Foundation/Configuration/ApplicationBuilder->{closure:Illuminate/Foundation/Configuration/ApplicationBuilder::buildRoutingCallback():209}()
#5 C:/Users/andre/Documents/S4/Qualité/TP/Jeu_Quiz/projet/vendor/laravel/framework/src/Illuminate/Container/Util.php(43): Illuminate/Container/BoundMethod::{closure:Illuminate/Container/BoundMethod::call():35}()
#6 C:/Users/andre/Documents/S4/Qualité/TP/Jeu_Quiz/projet/vendor/laravel/framework/src/Illuminate/Container/BoundMethod.php(84): Illuminate/Container/Util::unwrapIfClosure(Object(Closure))
#7 C:/Users/andre/Documents/S4/Qualité/TP/Jeu_Quiz/projet/vendor/laravel/framework/src/Illuminate/Container/BoundMethod.php(35): Illuminate/Container/BoundMethod::callBoundMethod(Object(Illuminate/Foundation/Application), Object(Closure), Object(Closure))
#8 C:/Users/andre/Documents/S4/Qualité/TP/Jeu_Quiz/projet/vendor/laravel/framework/src/Illuminate/Container/Container.php(799): Illuminate/Container/BoundMethod::call(Object(Illuminate/Foundation/Application), Object(Closure), Array, NULL)
#9 C:/Users/andre/Documents/S4/Qualité/TP/Jeu_Quiz/projet/vendor/laravel/framework/src/Illuminate/Foundation/Support/Providers/RouteServiceProvider.php(162): Illuminate/Container/Container->call(Object(Closure))
#10 C:/Users/andre/Documents/S4/Qualité/TP/Jeu_Quiz/projet/vendor/laravel/framework/src/Illuminate/Foundation/Support/Providers/RouteServiceProvider.php(59): Illuminate/Foundation/Support/Providers/RouteServiceProvider->loadRoutes()
#11 C:/Users/andre/Documents/S4/Qualité/TP/Jeu_Quiz/projet/vendor/laravel/framework/src/Illuminate/Container/BoundMethod.php(36): Illuminate/Foundation/Support/Providers/RouteServiceProvider->{closure:Illuminate/Foundation/Support/Providers/RouteServiceProvider::register():53}()
#12 C:/Users/andre/Documents/S4/Qualité/TP/Jeu_Quiz/projet/vendor/laravel/framework/src/Illuminate/Container/Util.php(43): Illuminate/Container/BoundMethod::{closure:Illuminate/Container/BoundMethod::call():35}()
#13 C:/Users/andre/Documents/S4/Qualité/TP/Jeu_Quiz/projet/vendor/laravel/framework/src/Illuminate/Container/BoundMethod.php(84): Illuminate/Container/Util::unwrapIfClosure(Object(Closure))
#14 C:/Users/andre/Documents/S4/Qualité/TP/Jeu_Quiz/projet/vendor/laravel/framework/src/Illuminate/Container/BoundMethod.php(35): Illuminate/Container/BoundMethod::callBoundMethod(Object(Illuminate/Foundation/Application), Object(Closure), Object(Closure))
#15 C:/Users/andre/Documents/S4/Qualité/TP/Jeu_Quiz/projet/vendor/laravel/framework/src/Illuminate/Container/Container.php(799): Illuminate/Container/BoundMethod::call(Object(Illuminate/Foundation/Application), Object(Closure), Array, NULL)
#16 C:/Users/andre/Documents/S4/Qualité/TP/Jeu_Quiz/projet/vendor/laravel/framework/src/Illuminate/Support/ServiceProvider.php(150): Illuminate/Container/Container->call(Object(Closure))
#17 C:/Users/andre/Documents/S4/Qualité/TP/Jeu_Quiz/projet/vendor/laravel/framework/src/Illuminate/Foundation/Application.php(1154): Illuminate/Support/ServiceProvider->callBootedCallbacks()
#18 C:/Users/andre/Documents/S4/Qualité/TP/Jeu_Quiz/projet/vendor/laravel/framework/src/Illuminate/Foundation/Application.php(1132): Illuminate/Foundation/Application->bootProvider(Object(Illuminate/Foundation/Support/Providers/RouteServiceProvider))
#19 [internal function]: Illuminate/Foundation/Application->{closure:Illuminate/Foundation/Application::boot():1131}(Object(Illuminate/Foundation/Support/Providers/RouteServiceProvider), 'Illuminate//Foun...')
#20 C:/Users/andre/Documents/S4/Qualité/TP/Jeu_Quiz/projet/vendor/laravel/framework/src/Illuminate/Foundation/Application.php(1131): array_walk(Array, Object(Closure))
#21 C:/Users/andre/Documents/S4/Qualité/TP/Jeu_Quiz/projet/vendor/laravel/framework/src/Illuminate/Foundation/Bootstrap/BootProviders.php(17): Illuminate/Foundation/Application->boot()
#22 C:/Users/andre/Documents/S4/Qualité/TP/Jeu_Quiz/projet/vendor/laravel/framework/src/Illuminate/Foundation/Application.php(342): Illuminate/Foundation/Bootstrap/BootProviders->bootstrap(Object(Illuminate/Foundation/Application))
#23 C:/Users/andre/Documents/S4/Qualité/TP/Jeu_Quiz/projet/vendor/laravel/framework/src/Illuminate/Foundation/Console/Kernel.php(494): Illuminate/Foundation/Application->bootstrapWith(Array)
#24 C:/Users/andre/Documents/S4/Qualité/TP/Jeu_Quiz/projet/vendor/laravel/framework/src/Illuminate/Foundation/Console/Kernel.php(196): Illuminate/Foundation/Console/Kernel->bootstrap()
#25 C:/Users/andre/Documents/S4/Qualité/TP/Jeu_Quiz/projet/vendor/laravel/framework/src/Illuminate/Foundation/Application.php(1235): Illuminate/Foundation/Console/Kernel->handle(Object(Symfony/Component/Console/Input/ArgvInput), Object(Symfony/Component/Console/Output/ConsoleOutput))
#26 C:/Users/andre/Documents/S4/Qualité/TP/Jeu_Quiz/projet/artisan(16): Illuminate/Foundation/Application->handleCommand(Object(Symfony/Component/Console/Input/ArgvInput))
#27 {main}
"} 
[2026-05-03 09:19:19] local.ERROR: syntax error, unexpected end of file {"exception":"[object] (ParseError(code: 0): syntax error, unexpected end of file at C:/Users/andre/Documents/S4/Qualité/TP/Jeu_Quiz/projet/routes/web.php:6)
[stacktrace]
#0 C:/Users/andre/Documents/S4/Qualité/TP/Jeu_Quiz/projet/vendor/laravel/framework/src/Illuminate/Routing/Router.php(526): Illuminate/Routing/RouteFileRegistrar->register('C://Users//andre//...')
#1 C:/Users/andre/Documents/S4/Qualité/TP/Jeu_Quiz/projet/vendor/laravel/framework/src/Illuminate/Routing/Router.php(480): Illuminate/Routing/Router->loadRoutes('C://Users//andre//...')
#2 C:/Users/andre/Documents/S4/Qualité/TP/Jeu_Quiz/projet/vendor/laravel/framework/src/Illuminate/Routing/RouteRegistrar.php(212): Illuminate/Routing/Router->group(Array, 'C://Users//andre//...')
#3 C:/Users/andre/Documents/S4/Qualité/TP/Jeu_Quiz/projet/vendor/laravel/framework/src/Illuminate/Foundation/Configuration/ApplicationBuilder.php(260): Illuminate/Routing/RouteRegistrar->group('C://Users//andre//...')
#4 C:/Users/andre/Documents/S4/Qualité/TP/Jeu_Quiz/projet/vendor/laravel/framework/src/Illuminate/Container/BoundMethod.php(36): Illuminate/Foundation/Configuration/ApplicationBuilder->{closure:Illuminate/Foundation/Configuration/ApplicationBuilder::buildRoutingCallback():209}()
#5 C:/Users/andre/Documents/S4/Qualité/TP/Jeu_Quiz/projet/vendor/laravel/framework/src/Illuminate/Container/Util.php(43): Illuminate/Container/BoundMethod::{closure:Illuminate/Container/BoundMethod::call():35}()
#6 C:/Users/andre/Documents/S4/Qualité/TP/Jeu_Quiz/projet/vendor/laravel/framework/src/Illuminate/Container/BoundMethod.php(84): Illuminate/Container/Util::unwrapIfClosure(Object(Closure))
#7 C:/Users/andre/Documents/S4/Qualité/TP/Jeu_Quiz/projet/vendor/laravel/framework/src/Illuminate/Container/BoundMethod.php(35): Illuminate/Container/BoundMethod::callBoundMethod(Object(Illuminate/Foundation/Application), Object(Closure), Object(Closure))
#8 C:/Users/andre/Documents/S4/Qualité/TP/Jeu_Quiz/projet/vendor/laravel/framework/src/Illuminate/Container/Container.php(799): Illuminate/Container/BoundMethod::call(Object(Illuminate/Foundation/Application), Object(Closure), Array, NULL)
#9 C:/Users/andre/Documents/S4/Qualité/TP/Jeu_Quiz/projet/vendor/laravel/framework/src/Illuminate/Foundation/Support/Providers/RouteServiceProvider.php(162): Illuminate/Container/Container->call(Object(Closure))
#10 C:/Users/andre/Documents/S4/Qualité/TP/Jeu_Quiz/projet/vendor/laravel/framework/src/Illuminate/Foundation/Support/Providers/RouteServiceProvider.php(59): Illuminate/Foundation/Support/Providers/RouteServiceProvider->loadRoutes()
#11 C:/Users/andre/Documents/S4/Qualité/TP/Jeu_Quiz/projet/vendor/laravel/framework/src/Illuminate/Container/BoundMethod.php(36): Illuminate/Foundation/Support/Providers/RouteServiceProvider->{closure:Illuminate/Foundation/Support/Providers/RouteServiceProvider::register():53}()
#12 C:/Users/andre/Documents/S4/Qualité/TP/Jeu_Quiz/projet/vendor/laravel/framework/src/Illuminate/Container/Util.php(43): Illuminate/Container/BoundMethod::{closure:Illuminate/Container/BoundMethod::call():35}()
#13 C:/Users/andre/Documents/S4/Qualité/TP/Jeu_Quiz/projet/vendor/laravel/framework/src/Illuminate/Container/BoundMethod.php(84): Illuminate/Container/Util::unwrapIfClosure(Object(Closure))
#14 C:/Users/andre/Documents/S4/Qualité/TP/Jeu_Quiz/projet/vendor/laravel/framework/src/Illuminate/Container/BoundMethod.php(35): Illuminate/Container/BoundMethod::callBoundMethod(Object(Illuminate/Foundation/Application), Object(Closure), Object(Closure))
#15 C:/Users/andre/Documents/S4/Qualité/TP/Jeu_Quiz/projet/vendor/laravel/framework/src/Illuminate/Container/Container.php(799): Illuminate/Container/BoundMethod::call(Object(Illuminate/Foundation/Application), Object(Closure), Array, NULL)
#16 C:/Users/andre/Documents/S4/Qualité/TP/Jeu_Quiz/projet/vendor/laravel/framework/src/Illuminate/Support/ServiceProvider.php(150): Illuminate/Container/Container->call(Object(Closure))
#17 C:/Users/andre/Documents/S4/Qualité/TP/Jeu_Quiz/projet/vendor/laravel/framework/src/Illuminate/Foundation/Application.php(1154): Illuminate/Support/ServiceProvider->callBootedCallbacks()
#18 C:/Users/andre/Documents/S4/Qualité/TP/Jeu_Quiz/projet/vendor/laravel/framework/src/Illuminate/Foundation/Application.php(1132): Illuminate/Foundation/Application->bootProvider(Object(Illuminate/Foundation/Support/Providers/RouteServiceProvider))
#19 [internal function]: Illuminate/Foundation/Application->{closure:Illuminate/Foundation/Application::boot():1131}(Object(Illuminate/Foundation/Support/Providers/RouteServiceProvider), 'Illuminate//Foun...')
#20 C:/Users/andre/Documents/S4/Qualité/TP/Jeu_Quiz/projet/vendor/laravel/framework/src/Illuminate/Foundation/Application.php(1131): array_walk(Array, Object(Closure))
#21 C:/Users/andre/Documents/S4/Qualité/TP/Jeu_Quiz/projet/vendor/laravel/framework/src/Illuminate/Foundation/Bootstrap/BootProviders.php(17): Illuminate/Foundation/Application->boot()
#22 C:/Users/andre/Documents/S4/Qualité/TP/Jeu_Quiz/projet/vendor/laravel/framework/src/Illuminate/Foundation/Application.php(342): Illuminate/Foundation/Bootstrap/BootProviders->bootstrap(Object(Illuminate/Foundation/Application))
#23 C:/Users/andre/Documents/S4/Qualité/TP/Jeu_Quiz/projet/vendor/laravel/framework/src/Illuminate/Foundation/Http/Kernel.php(186): Illuminate/Foundation/Application->bootstrapWith(Array)
#24 C:/Users/andre/Documents/S4/Qualité/TP/Jeu_Quiz/projet/vendor/laravel/framework/src/Illuminate/Foundation/Http/Kernel.php(170): Illuminate/Foundation/Http/Kernel->bootstrap()
#25 C:/Users/andre/Documents/S4/Qualité/TP/Jeu_Quiz/projet/vendor/laravel/framework/src/Illuminate/Foundation/Http/Kernel.php(144): Illuminate/Foundation/Http/Kernel->sendRequestThroughRouter(Object(Illuminate/Http/Request))
#26 C:/Users/andre/Documents/S4/Qualité/TP/Jeu_Quiz/projet/vendor/laravel/framework/src/Illuminate/Foundation/Application.php(1220): Illuminate/Foundation/Http/Kernel->handle(Object(Illuminate/Http/Request))
#27 C:/Users/andre/Documents/S4/Qualité/TP/Jeu_Quiz/projet/public/index.php(20): Illuminate/Foundation/Application->handleRequest(Object(Illuminate/Http/Request))
#28 C:/Users/andre/Documents/S4/Qualité/TP/Jeu_Quiz/projet/vendor/laravel/framework/src/Illuminate/Foundation/resources/server.php(23): require_once('C://Users//andre//...')
#29 {main}
"} 
[2026-05-03 09:19:21] local.ERROR: syntax error, unexpected end of file {"exception":"[object] (ParseError(code: 0): syntax error, unexpected end of file at C:/Users/andre/Documents/S4/Qualité/TP/Jeu_Quiz/projet/routes/web.php:6)
[stacktrace]
#0 C:/Users/andre/Documents/S4/Qualité/TP/Jeu_Quiz/projet/vendor/laravel/framework/src/Illuminate/Routing/Router.php(526): Illuminate/Routing/RouteFileRegistrar->register('C://Users//andre//...')
#1 C:/Users/andre/Documents/S4/Qualité/TP/Jeu_Quiz/projet/vendor/laravel/framework/src/Illuminate/Routing/Router.php(480): Illuminate/Routing/Router->loadRoutes('C://Users//andre//...')
#2 C:/Users/andre/Documents/S4/Qualité/TP/Jeu_Quiz/projet/vendor/laravel/framework/src/Illuminate/Routing/RouteRegistrar.php(212): Illuminate/Routing/Router->group(Array, 'C://Users//andre//...')
#3 C:/Users/andre/Documents/S4/Qualité/TP/Jeu_Quiz/projet/vendor/laravel/framework/src/Illuminate/Foundation/Configuration/ApplicationBuilder.php(260): Illuminate/Routing/RouteRegistrar->group('C://Users//andre//...')
#4 C:/Users/andre/Documents/S4/Qualité/TP/Jeu_Quiz/projet/vendor/laravel/framework/src/Illuminate/Container/BoundMethod.php(36): Illuminate/Foundation/Configuration/ApplicationBuilder->{closure:Illuminate/Foundation/Configuration/ApplicationBuilder::buildRoutingCallback():209}()
#5 C:/Users/andre/Documents/S4/Qualité/TP/Jeu_Quiz/projet/vendor/laravel/framework/src/Illuminate/Container/Util.php(43): Illuminate/Container/BoundMethod::{closure:Illuminate/Container/BoundMethod::call():35}()
#6 C:/Users/andre/Documents/S4/Qualité/TP/Jeu_Quiz/projet/vendor/laravel/framework/src/Illuminate/Container/BoundMethod.php(84): Illuminate/Container/Util::unwrapIfClosure(Object(Closure))
#7 C:/Users/andre/Documents/S4/Qualité/TP/Jeu_Quiz/projet/vendor/laravel/framework/src/Illuminate/Container/BoundMethod.php(35): Illuminate/Container/BoundMethod::callBoundMethod(Object(Illuminate/Foundation/Application), Object(Closure), Object(Closure))
#8 C:/Users/andre/Documents/S4/Qualité/TP/Jeu_Quiz/projet/vendor/laravel/framework/src/Illuminate/Container/Container.php(799): Illuminate/Container/BoundMethod::call(Object(Illuminate/Foundation/Application), Object(Closure), Array, NULL)
#9 C:/Users/andre/Documents/S4/Qualité/TP/Jeu_Quiz/projet/vendor/laravel/framework/src/Illuminate/Foundation/Support/Providers/RouteServiceProvider.php(162): Illuminate/Container/Container->call(Object(Closure))
#10 C:/Users/andre/Documents/S4/Qualité/TP/Jeu_Quiz/projet/vendor/laravel/framework/src/Illuminate/Foundation/Support/Providers/RouteServiceProvider.php(59): Illuminate/Foundation/Support/Providers/RouteServiceProvider->loadRoutes()
#11 C:/Users/andre/Documents/S4/Qualité/TP/Jeu_Quiz/projet/vendor/laravel/framework/src/Illuminate/Container/BoundMethod.php(36): Illuminate/Foundation/Support/Providers/RouteServiceProvider->{closure:Illuminate/Foundation/Support/Providers/RouteServiceProvider::register():53}()
#12 C:/Users/andre/Documents/S4/Qualité/TP/Jeu_Quiz/projet/vendor/laravel/framework/src/Illuminate/Container/Util.php(43): Illuminate/Container/BoundMethod::{closure:Illuminate/Container/BoundMethod::call():35}()
#13 C:/Users/andre/Documents/S4/Qualité/TP/Jeu_Quiz/projet/vendor/laravel/framework/src/Illuminate/Container/BoundMethod.php(84): Illuminate/Container/Util::unwrapIfClosure(Object(Closure))
#14 C:/Users/andre/Documents/S4/Qualité/TP/Jeu_Quiz/projet/vendor/laravel/framework/src/Illuminate/Container/BoundMethod.php(35): Illuminate/Container/BoundMethod::callBoundMethod(Object(Illuminate/Foundation/Application), Object(Closure), Object(Closure))
#15 C:/Users/andre/Documents/S4/Qualité/TP/Jeu_Quiz/projet/vendor/laravel/framework/src/Illuminate/Container/Container.php(799): Illuminate/Container/BoundMethod::call(Object(Illuminate/Foundation/Application), Object(Closure), Array, NULL)
#16 C:/Users/andre/Documents/S4/Qualité/TP/Jeu_Quiz/projet/vendor/laravel/framework/src/Illuminate/Support/ServiceProvider.php(150): Illuminate/Container/Container->call(Object(Closure))
#17 C:/Users/andre/Documents/S4/Qualité/TP/Jeu_Quiz/projet/vendor/laravel/framework/src/Illuminate/Foundation/Application.php(1154): Illuminate/Support/ServiceProvider->callBootedCallbacks()
#18 C:/Users/andre/Documents/S4/Qualité/TP/Jeu_Quiz/projet/vendor/laravel/framework/src/Illuminate/Foundation/Application.php(1132): Illuminate/Foundation/Application->bootProvider(Object(Illuminate/Foundation/Support/Providers/RouteServiceProvider))
#19 [internal function]: Illuminate/Foundation/Application->{closure:Illuminate/Foundation/Application::boot():1131}(Object(Illuminate/Foundation/Support/Providers/RouteServiceProvider), 'Illuminate//Foun...')
#20 C:/Users/andre/Documents/S4/Qualité/TP/Jeu_Quiz/projet/vendor/laravel/framework/src/Illuminate/Foundation/Application.php(1131): array_walk(Array, Object(Closure))
#21 C:/Users/andre/Documents/S4/Qualité/TP/Jeu_Quiz/projet/vendor/laravel/framework/src/Illuminate/Foundation/Bootstrap/BootProviders.php(17): Illuminate/Foundation/Application->boot()
#22 C:/Users/andre/Documents/S4/Qualité/TP/Jeu_Quiz/projet/vendor/laravel/framework/src/Illuminate/Foundation/Application.php(342): Illuminate/Foundation/Bootstrap/BootProviders->bootstrap(Object(Illuminate/Foundation/Application))
#23 C:/Users/andre/Documents/S4/Qualité/TP/Jeu_Quiz/projet/vendor/laravel/framework/src/Illuminate/Foundation/Console/Kernel.php(494): Illuminate/Foundation/Application->bootstrapWith(Array)
#24 C:/Users/andre/Documents/S4/Qualité/TP/Jeu_Quiz/projet/vendor/laravel/framework/src/Illuminate/Foundation/Console/Kernel.php(196): Illuminate/Foundation/Console/Kernel->bootstrap()
#25 C:/Users/andre/Documents/S4/Qualité/TP/Jeu_Quiz/projet/vendor/laravel/framework/src/Illuminate/Foundation/Application.php(1235): Illuminate/Foundation/Console/Kernel->handle(Object(Symfony/Component/Console/Input/ArgvInput), Object(Symfony/Component/Console/Output/ConsoleOutput))
#26 C:/Users/andre/Documents/S4/Qualité/TP/Jeu_Quiz/projet/artisan(16): Illuminate/Foundation/Application->handleCommand(Object(Symfony/Component/Console/Input/ArgvInput))
#27 {main}
"} 
[2026-05-03 09:19:21] local.ERROR: syntax error, unexpected end of file {"exception":"[object] (ParseError(code: 0): syntax error, unexpected end of file at C:/Users/andre/Documents/S4/Qualité/TP/Jeu_Quiz/projet/routes/web.php:6)
[stacktrace]
#0 C:/Users/andre/Documents/S4/Qualité/TP/Jeu_Quiz/projet/vendor/laravel/framework/src/Illuminate/Routing/Router.php(526): Illuminate/Routing/RouteFileRegistrar->register('C://Users//andre//...')
#1 C:/Users/andre/Documents/S4/Qualité/TP/Jeu_Quiz/projet/vendor/laravel/framework/src/Illuminate/Routing/Router.php(480): Illuminate/Routing/Router->loadRoutes('C://Users//andre//...')
#2 C:/Users/andre/Documents/S4/Qualité/TP/Jeu_Quiz/projet/vendor/laravel/framework/src/Illuminate/Routing/RouteRegistrar.php(212): Illuminate/Routing/Router->group(Array, 'C://Users//andre//...')
#3 C:/Users/andre/Documents/S4/Qualité/TP/Jeu_Quiz/projet/vendor/laravel/framework/src/Illuminate/Foundation/Configuration/ApplicationBuilder.php(260): Illuminate/Routing/RouteRegistrar->group('C://Users//andre//...')
#4 C:/Users/andre/Documents/S4/Qualité/TP/Jeu_Quiz/projet/vendor/laravel/framework/src/Illuminate/Container/BoundMethod.php(36): Illuminate/Foundation/Configuration/ApplicationBuilder->{closure:Illuminate/Foundation/Configuration/ApplicationBuilder::buildRoutingCallback():209}()
#5 C:/Users/andre/Documents/S4/Qualité/TP/Jeu_Quiz/projet/vendor/laravel/framework/src/Illuminate/Container/Util.php(43): Illuminate/Container/BoundMethod::{closure:Illuminate/Container/BoundMethod::call():35}()
#6 C:/Users/andre/Documents/S4/Qualité/TP/Jeu_Quiz/projet/vendor/laravel/framework/src/Illuminate/Container/BoundMethod.php(84): Illuminate/Container/Util::unwrapIfClosure(Object(Closure))
#7 C:/Users/andre/Documents/S4/Qualité/TP/Jeu_Quiz/projet/vendor/laravel/framework/src/Illuminate/Container/BoundMethod.php(35): Illuminate/Container/BoundMethod::callBoundMethod(Object(Illuminate/Foundation/Application), Object(Closure), Object(Closure))
#8 C:/Users/andre/Documents/S4/Qualité/TP/Jeu_Quiz/projet/vendor/laravel/framework/src/Illuminate/Container/Container.php(799): Illuminate/Container/BoundMethod::call(Object(Illuminate/Foundation/Application), Object(Closure), Array, NULL)
#9 C:/Users/andre/Documents/S4/Qualité/TP/Jeu_Quiz/projet/vendor/laravel/framework/src/Illuminate/Foundation/Support/Providers/RouteServiceProvider.php(162): Illuminate/Container/Container->call(Object(Closure))
#10 C:/Users/andre/Documents/S4/Qualité/TP/Jeu_Quiz/projet/vendor/laravel/framework/src/Illuminate/Foundation/Support/Providers/RouteServiceProvider.php(59): Illuminate/Foundation/Support/Providers/RouteServiceProvider->loadRoutes()
#11 C:/Users/andre/Documents/S4/Qualité/TP/Jeu_Quiz/projet/vendor/laravel/framework/src/Illuminate/Container/BoundMethod.php(36): Illuminate/Foundation/Support/Providers/RouteServiceProvider->{closure:Illuminate/Foundation/Support/Providers/RouteServiceProvider::register():53}()
#12 C:/Users/andre/Documents/S4/Qualité/TP/Jeu_Quiz/projet/vendor/laravel/framework/src/Illuminate/Container/Util.php(43): Illuminate/Container/BoundMethod::{closure:Illuminate/Container/BoundMethod::call():35}()
#13 C:/Users/andre/Documents/S4/Qualité/TP/Jeu_Quiz/projet/vendor/laravel/framework/src/Illuminate/Container/BoundMethod.php(84): Illuminate/Container/Util::unwrapIfClosure(Object(Closure))
#14 C:/Users/andre/Documents/S4/Qualité/TP/Jeu_Quiz/projet/vendor/laravel/framework/src/Illuminate/Container/BoundMethod.php(35): Illuminate/Container/BoundMethod::callBoundMethod(Object(Illuminate/Foundation/Application), Object(Closure), Object(Closure))
#15 C:/Users/andre/Documents/S4/Qualité/TP/Jeu_Quiz/projet/vendor/laravel/framework/src/Illuminate/Container/Container.php(799): Illuminate/Container/BoundMethod::call(Object(Illuminate/Foundation/Application), Object(Closure), Array, NULL)
#16 C:/Users/andre/Documents/S4/Qualité/TP/Jeu_Quiz/projet/vendor/laravel/framework/src/Illuminate/Support/ServiceProvider.php(150): Illuminate/Container/Container->call(Object(Closure))
#17 C:/Users/andre/Documents/S4/Qualité/TP/Jeu_Quiz/projet/vendor/laravel/framework/src/Illuminate/Foundation/Application.php(1154): Illuminate/Support/ServiceProvider->callBootedCallbacks()
#18 C:/Users/andre/Documents/S4/Qualité/TP/Jeu_Quiz/projet/vendor/laravel/framework/src/Illuminate/Foundation/Application.php(1132): Illuminate/Foundation/Application->bootProvider(Object(Illuminate/Foundation/Support/Providers/RouteServiceProvider))
#19 [internal function]: Illuminate/Foundation/Application->{closure:Illuminate/Foundation/Application::boot():1131}(Object(Illuminate/Foundation/Support/Providers/RouteServiceProvider), 'Illuminate//Foun...')
#20 C:/Users/andre/Documents/S4/Qualité/TP/Jeu_Quiz/projet/vendor/laravel/framework/src/Illuminate/Foundation/Application.php(1131): array_walk(Array, Object(Closure))
#21 C:/Users/andre/Documents/S4/Qualité/TP/Jeu_Quiz/projet/vendor/laravel/framework/src/Illuminate/Foundation/Bootstrap/BootProviders.php(17): Illuminate/Foundation/Application->boot()
#22 C:/Users/andre/Documents/S4/Qualité/TP/Jeu_Quiz/projet/vendor/laravel/framework/src/Illuminate/Foundation/Application.php(342): Illuminate/Foundation/Bootstrap/BootProviders->bootstrap(Object(Illuminate/Foundation/Application))
#23 C:/Users/andre/Documents/S4/Qualité/TP/Jeu_Quiz/projet/vendor/laravel/framework/src/Illuminate/Foundation/Http/Kernel.php(186): Illuminate/Foundation/Application->bootstrapWith(Array)
#24 C:/Users/andre/Documents/S4/Qualité/TP/Jeu_Quiz/projet/vendor/laravel/framework/src/Illuminate/Foundation/Http/Kernel.php(170): Illuminate/Foundation/Http/Kernel->bootstrap()
#25 C:/Users/andre/Documents/S4/Qualité/TP/Jeu_Quiz/projet/vendor/laravel/framework/src/Illuminate/Foundation/Http/Kernel.php(144): Illuminate/Foundation/Http/Kernel->sendRequestThroughRouter(Object(Illuminate/Http/Request))
#26 C:/Users/andre/Documents/S4/Qualité/TP/Jeu_Quiz/projet/vendor/laravel/framework/src/Illuminate/Foundation/Application.php(1220): Illuminate/Foundation/Http/Kernel->handle(Object(Illuminate/Http/Request))
#27 C:/Users/andre/Documents/S4/Qualité/TP/Jeu_Quiz/projet/public/index.php(20): Illuminate/Foundation/Application->handleRequest(Object(Illuminate/Http/Request))
#28 C:/Users/andre/Documents/S4/Qualité/TP/Jeu_Quiz/projet/vendor/laravel/framework/src/Illuminate/Foundation/resources/server.php(23): require_once('C://Users//andre//...')
#29 {main}
"} 
[2026-05-04 07:43:32] local.ERROR: mkdir(): File exists {"exception":"[object] (ErrorException(code: 0): mkdir(): File exists at C:/Users/andre/Documents/S4/Qualité/TP/Jeu_Quiz/projet/vendor/laravel/framework/src/Illuminate/Filesystem/Filesystem.php:662)
[stacktrace]
#0 C:/Users/andre/Documents/S4/Qualité/TP/Jeu_Quiz/projet/vendor/laravel/framework/src/Illuminate/Foundation/Bootstrap/HandleExceptions.php(258): Illuminate/Foundation/Bootstrap/HandleExceptions->handleError(2, 'mkdir(): File e...', 'C://Users//andre//...', 662)
#1 [internal function]: Illuminate/Foundation/Bootstrap/HandleExceptions->{closure:Illuminate/Foundation/Bootstrap/HandleExceptions::forwardsTo():257}(2, 'mkdir(): File e...', 'C://Users//andre//...', 662)
#2 C:/Users/andre/Documents/S4/Qualité/TP/Jeu_Quiz/projet/vendor/laravel/framework/src/Illuminate/Filesystem/Filesystem.php(662): mkdir('C://Users//andre//...', 493, true)
#3 C:/Users/andre/Documents/S4/Qualité/TP/Jeu_Quiz/projet/vendor/laravel/framework/src/Illuminate/Filesystem/Filesystem.php(643): Illuminate/Filesystem/Filesystem->makeDirectory('C://Users//andre//...', 493, true)
#4 C:/Users/andre/Documents/S4/Qualité/TP/Jeu_Quiz/projet/vendor/laravel/wayfinder/src/GenerateCommand.php(127): Illuminate/Filesystem/Filesystem->ensureDirectoryExists('C://Users//andre//...')
#5 C:/Users/andre/Documents/S4/Qualité/TP/Jeu_Quiz/projet/vendor/laravel/wayfinder/src/GenerateCommand.php(82): Laravel/Wayfinder/GenerateCommand->writeContent()
#6 C:/Users/andre/Documents/S4/Qualité/TP/Jeu_Quiz/projet/vendor/laravel/framework/src/Illuminate/Container/BoundMethod.php(36): Laravel/Wayfinder/GenerateCommand->handle()
#7 C:/Users/andre/Documents/S4/Qualité/TP/Jeu_Quiz/projet/vendor/laravel/framework/src/Illuminate/Container/Util.php(43): Illuminate/Container/BoundMethod::{closure:Illuminate/Container/BoundMethod::call():35}()
#8 C:/Users/andre/Documents/S4/Qualité/TP/Jeu_Quiz/projet/vendor/laravel/framework/src/Illuminate/Container/BoundMethod.php(96): Illuminate/Container/Util::unwrapIfClosure(Object(Closure))
#9 C:/Users/andre/Documents/S4/Qualité/TP/Jeu_Quiz/projet/vendor/laravel/framework/src/Illuminate/Container/BoundMethod.php(35): Illuminate/Container/BoundMethod::callBoundMethod(Object(Illuminate/Foundation/Application), Array, Object(Closure))
#10 C:/Users/andre/Documents/S4/Qualité/TP/Jeu_Quiz/projet/vendor/laravel/framework/src/Illuminate/Container/Container.php(799): Illuminate/Container/BoundMethod::call(Object(Illuminate/Foundation/Application), Array, Array, NULL)
#11 C:/Users/andre/Documents/S4/Qualité/TP/Jeu_Quiz/projet/vendor/laravel/framework/src/Illuminate/Console/Command.php(280): Illuminate/Container/Container->call(Array)
#12 C:/Users/andre/Documents/S4/Qualité/TP/Jeu_Quiz/projet/vendor/symfony/console/Command/Command.php(291): Illuminate/Console/Command->execute(Object(Symfony/Component/Console/Input/ArgvInput), Object(Illuminate/Console/OutputStyle))
#13 C:/Users/andre/Documents/S4/Qualité/TP/Jeu_Quiz/projet/vendor/laravel/framework/src/Illuminate/Console/Command.php(249): Symfony/Component/Console/Command/Command->run(Object(Symfony/Component/Console/Input/ArgvInput), Object(Illuminate/Console/OutputStyle))
#14 C:/Users/andre/Documents/S4/Qualité/TP/Jeu_Quiz/projet/vendor/symfony/console/Application.php(1107): Illuminate/Console/Command->run(Object(Symfony/Component/Console/Input/ArgvInput), Object(Symfony/Component/Console/Output/ConsoleOutput))
#15 C:/Users/andre/Documents/S4/Qualité/TP/Jeu_Quiz/projet/vendor/symfony/console/Application.php(356): Symfony/Component/Console/Application->doRunCommand(Object(Laravel/Wayfinder/GenerateCommand), Object(Symfony/Component/Console/Input/ArgvInput), Object(Symfony/Component/Console/Output/ConsoleOutput))
#16 C:/Users/andre/Documents/S4/Qualité/TP/Jeu_Quiz/projet/vendor/symfony/console/Application.php(195): Symfony/Component/Console/Application->doRun(Object(Symfony/Component/Console/Input/ArgvInput), Object(Symfony/Component/Console/Output/ConsoleOutput))
#17 C:/Users/andre/Documents/S4/Qualité/TP/Jeu_Quiz/projet/vendor/laravel/framework/src/Illuminate/Foundation/Console/Kernel.php(198): Symfony/Component/Console/Application->run(Object(Symfony/Component/Console/Input/ArgvInput), Object(Symfony/Component/Console/Output/ConsoleOutput))
#18 C:/Users/andre/Documents/S4/Qualité/TP/Jeu_Quiz/projet/vendor/laravel/framework/src/Illuminate/Foundation/Application.php(1235): Illuminate/Foundation/Console/Kernel->handle(Object(Symfony/Component/Console/Input/ArgvInput), Object(Symfony/Component/Console/Output/ConsoleOutput))
#19 C:/Users/andre/Documents/S4/Qualité/TP/Jeu_Quiz/projet/artisan(16): Illuminate/Foundation/Application->handleCommand(Object(Symfony/Component/Console/Input/ArgvInput))
#20 {main}
"} 
